id,customer_id,customer_name,amount,currency,status,payment_method,failure_reason,created_at,retry_count,previous_successful_payments,customer_lifetime_value,hours_since_event,checkout_session_id
TXN-1001,CUS-500,Zoya Joshi,210.01,INR,paid,debit_card,,2026-07-01T05:00:00+05:30,0,3,6922.02,96,CS-EA530C8BE0D2
TXN-1002,CUS-501,Rajesh Sen,2079.61,INR,paid,debit_card,,2026-07-01T05:00:00+05:30,0,2,7445.08,7,CS-27D23B50D92E
TXN-1003,CUS-502,Indra Menon,6701.25,INR,paid,wallet,,2026-07-01T04:00:00+05:30,0,1,5522.16,619,CS-2ECFD1DB2430
TXN-1004,CUS-503,Vijay Reddy,7681.14,INR,pending,credit_card,waiting_for_verification,2026-07-01T06:00:00+05:30,3,3,9763.97,72,CS-E56EE344DAD7
TXN-1005,CUS-504,Reyansh Sen,9926.11,INR,abandoned,netbanking,bank_downtime,2026-07-01T08:00:00+05:30,2,1,4094.54,687,CS-FB38C7B1FB76
TXN-1006,CUS-505,Suresh Mishra,5855.69,INR,failed,upi,bank_downtime,2026-07-01T11:00:00+05:30,2,1,5325.10,58,CS-B6A779E28A53
TXN-1007,CUS-506,Vikram Kumar,16017.47,INR,paid,wallet,,2026-07-01T12:00:00+05:30,0,1,4732.31,659,CS-3FF989EFBE5E
TXN-1008,CUS-507,Mohan Malhotra,869.94,INR,paid,upi,,2026-07-01T13:00:00+05:30,0,3,7550.28,142,CS-8E4AAEE91FF1
TXN-1009,CUS-508,Arun Dsouza,118.85,INR,paid,debit_card,,2026-07-01T17:00:00+05:30,0,3,8827.99,480,CS-20D330F275C6
TXN-1010,CUS-509,Gaurav Khan,93038.99,INR,paid,debit_card,,2026-07-01T17:00:00+05:30,0,5,10087.89,446,CS-94CE8083EDD7
TXN-1011,CUS-510,Neha Purohit,388.84,INR,failed,wallet,authentication_failed,2026-07-01T17:00:00+05:30,4,8,23431.93,520,CS-D0F361C4BF3A
TXN-1012,CUS-511,Bhavana Bose,1643.77,INR,paid,netbanking,,2026-07-01T19:00:00+05:30,0,3,7423.93,372,CS-74F148D25E0C
TXN-1013,CUS-512,Sagar Sheikh,861.31,INR,paid,upi,,2026-07-01T21:00:00+05:30,0,0,2472.17,132,CS-5FAEA22AE8D4
TXN-1014,CUS-513,Nasreen  Kamat,29128.17,INR,paid,debit_card,,2026-07-01T19:00:00+05:30,0,5,12128.54,409,CS-BD96BE41CFA4
TXN-1015,CUS-514,Parveen Chauhan,3552.73,INR,paid,upi,,2026-07-01T21:00:00+05:30,0,3,5009.97,647,CS-94B0A94DF089
TXN-1016,CUS-515,Ishaan Sen,112.57,INR,paid,credit_card,,2026-07-01T22:00:00+05:30,0,1,4030.40,585,CS-38A90C556DC0
TXN-1017,CUS-516,Namrata  Kamat,1209.46,INR,paid,upi,,2026-07-02T03:00:00+05:30,0,2,9685.99,56,CS-A5FB68AEA537
TXN-1018,CUS-517,Rubina Rao,391.29,INR,abandoned,upi,insufficient_funds,2026-07-02T03:00:00+05:30,1,2,6020.18,78,CS-A0B792C34207
TXN-1019,CUS-518,Vishal Rao,499.71,INR,abandoned,wallet,do_not_honor,2026-07-02T06:00:00+05:30,0,2,6407.86,411,CS-8A2C0C4B644A
TXN-1020,CUS-519,Ishaan Shetty,1977.96,INR,paid,netbanking,,2026-07-02T05:00:00+05:30,0,5,12905.43,304,CS-14A2AED13F6F
TXN-1021,CUS-520,Rajesh Nair,3626.59,INR,failed,upi,customer_inactive,2026-07-02T07:00:00+05:30,4,3,6994.49,83,CS-50DD8C9922CE
TXN-1022,CUS-521,Uday Naik,127.18,INR,abandoned,credit_card,do_not_honor,2026-07-02T09:00:00+05:30,0,3,5369.64,598,CS-5EA42EC91071
TXN-1023,CUS-522,Shruti Aggarwal,30106.48,INR,failed,upi,bank_downtime,2026-07-02T11:00:00+05:30,2,2,2963.15,637,CS-15441B699F79
TXN-1024,CUS-523,Shruti Rao,185.26,INR,paid,wallet,,2026-07-02T07:00:00+05:30,0,1,3469.19,557,CS-70AC82966D69
TXN-1025,CUS-524,Bharat Begum,9936.17,INR,failed,upi,network_error,2026-07-02T11:00:00+05:30,4,0,1770.25,110,CS-2CEFE181E593
TXN-1026,CUS-525,Gopal Bhat,1407.24,INR,failed,upi,vpa_invalid,2026-07-02T12:00:00+05:30,1,1,2299.94,434,CS-09C3F686AAE4
TXN-1027,CUS-526,Sagar Ansari,233.42,INR,paid,wallet,,2026-07-02T13:00:00+05:30,0,3,10547.20,115,CS-9D88F39FAFB6
TXN-1028,CUS-527,Atharv Bhat,4503.79,INR,failed,upi,issuer_declined,2026-07-02T15:00:00+05:30,1,12,18019.28,216,CS-709DFF8316BC
TXN-1029,CUS-528,Salim Dutta,6768.39,INR,paid,netbanking,,2026-07-02T18:00:00+05:30,0,12,30317.74,182,CS-944970E2FE8B
TXN-1030,CUS-529,Neeta Singh,1886.73,INR,abandoned,credit_card,vpa_invalid,2026-07-02T21:00:00+05:30,3,1,3137.54,40,CS-A33AF68BCE2D
TXN-1031,CUS-530,Vinod  Kamat,1724.88,INR,paid,credit_card,,2026-07-02T23:00:00+05:30,0,1,3515.32,286,CS-B4D34B6D412F
TXN-1032,CUS-531,Wasim Iyer,31978.12,INR,failed,credit_card,invalid_amount,2026-07-02T22:00:00+05:30,0,0,1649.99,272,CS-CD3CF3A8AD79
TXN-1033,CUS-532,Sai Mehta,3037.06,INR,abandoned,credit_card,invalid_amount,2026-07-02T20:00:00+05:30,1,3,5504.23,447,CS-114DD6BA3FDF
TXN-1034,CUS-533,Aarav Bose,604.96,INR,failed,credit_card,card_expired,2026-07-03T03:00:00+05:30,0,12,33474.22,419,CS-C7EFA5CF3675
TXN-1035,CUS-534,Sneha Shukla,7772.06,INR,paid,debit_card,,2026-07-03T02:00:00+05:30,0,12,25968.52,1,CS-14AC06824629
TXN-1036,CUS-535,Mahesh Husain,1678.64,INR,failed,credit_card,checkout_timeout,2026-07-03T05:00:00+05:30,0,2,5794.37,291,CS-3E5365547AA0
TXN-1037,CUS-536,Arun Sinha,480.80,INR,paid,credit_card,,2026-07-03T07:00:00+05:30,0,0,2777.51,626,CS-3D483C69A146
TXN-1038,CUS-537,Uday Mishra,4658.41,INR,paid,debit_card,,2026-07-03T06:00:00+05:30,0,1,3738.76,110,CS-B7AA0C829CF9
TXN-1039,CUS-538,Kamal Mishra,1706.16,INR,failed,credit_card,customer_inactive,2026-07-03T10:00:00+05:30,0,0,2334.61,573,CS-679B23368740
TXN-1040,CUS-539,Anjali Aggarwal,47285.65,INR,failed,debit_card,checkout_timeout,2026-07-03T12:00:00+05:30,4,2,5983.18,487,CS-56D635AEAF51
TXN-1041,CUS-540,Nitin Qureshi,9199.31,INR,paid,netbanking,,2026-07-03T10:00:00+05:30,0,1,3738.78,241,CS-1F4DC0D3D5EE
TXN-1042,CUS-541,Suresh Sinha,1310.23,INR,paid,upi,,2026-07-03T13:00:00+05:30,0,1,4432.95,556,CS-CA7826760984
TXN-1043,CUS-542,Ganesh Tripathi,433.16,INR,paid,netbanking,,2026-07-03T15:00:00+05:30,0,12,31322.60,361,CS-C497DC53FBDD
TXN-1044,CUS-543,Mahesh Sahu,24301.46,INR,paid,debit_card,,2026-07-03T15:00:00+05:30,0,12,30377.74,447,CS-7961C12B8DCB
TXN-1045,CUS-544,Ashok Singh,1503.31,INR,abandoned,debit_card,network_error,2026-07-03T13:00:00+05:30,5,3,10295.25,679,CS-1313C8164F5D
TXN-1046,CUS-545,Arjun Pandey,5678.50,INR,paid,upi,,2026-07-03T17:00:00+05:30,0,2,7845.93,389,CS-16D0E1199DD0
TXN-1047,CUS-546,Prakash Tripathi,622.86,INR,paid,credit_card,,2026-07-03T17:00:00+05:30,0,0,2455.93,254,CS-CD3CD00A1F86
TXN-1048,CUS-547,Amit Gupta,6192.72,INR,paid,upi,,2026-07-03T18:00:00+05:30,0,1,3523.22,622,CS-03F39A49F7F3
TXN-1049,CUS-548,Gopal Joshi,5818.83,INR,paid,debit_card,,2026-07-03T20:00:00+05:30,0,12,29372.76,204,CS-9EE50A944F36
TXN-1050,CUS-549,Atharv Dutta,408.99,INR,abandoned,debit_card,issuer_declined,2026-07-03T23:00:00+05:30,3,1,5296.60,71,CS-99E1D626A332
TXN-1051,CUS-550,Pankaj Srivastava,268.02,INR,paid,credit_card,,2026-07-03T23:00:00+05:30,0,8,13472.91,535,CS-95660547770F
TXN-1052,CUS-551,Tariq Siddiqui,9598.09,INR,abandoned,credit_card,network_error,2026-07-04T02:00:00+05:30,0,8,10055.45,462,CS-C36E36FA683A
TXN-1053,CUS-552,Deepak Bhat,4004.57,INR,paid,credit_card,,2026-07-04T02:00:00+05:30,0,1,3619.72,611,CS-461242C1DF42
TXN-1054,CUS-553,Anil Ansari,3549.88,INR,paid,upi,,2026-07-04T04:00:00+05:30,0,5,18146.08,503,CS-77D08A7EC90C
TXN-1055,CUS-554,Nitin Gupta,188.64,INR,failed,credit_card,customer_inactive,2026-07-04T05:00:00+05:30,1,1,3930.79,465,CS-58FA624E2F95
TXN-1056,CUS-555,Suresh Sheikh,680.98,INR,paid,upi,,2026-07-04T08:00:00+05:30,0,5,8446.57,496,CS-64858021A7CC
TXN-1057,CUS-556,Prakash Husain,91631.42,INR,paid,credit_card,,2026-07-04T07:00:00+05:30,0,3,5685.83,56,CS-C328F6D51D68
TXN-1058,CUS-557,Priti Farooqi,5631.40,INR,abandoned,credit_card,expired_card,2026-07-04T10:00:00+05:30,0,2,5297.66,53,CS-594AF82B8DD7
TXN-1059,CUS-558,Rahul Fernandes,126.14,INR,paid,debit_card,,2026-07-04T13:00:00+05:30,0,0,1519.25,255,CS-14A315D5D644
TXN-1060,CUS-559,Aadhya Tripathi,8953.70,INR,paid,credit_card,,2026-07-04T12:00:00+05:30,0,1,4163.12,636,CS-B5A7EBB875CE
TXN-1061,CUS-560,Ishaan Rao,30194.70,INR,paid,debit_card,,2026-07-04T12:00:00+05:30,0,3,4437.94,462,CS-83AD8E511F4C
TXN-1062,CUS-561,Vikas  Kamat,847.21,INR,failed,debit_card,checkout_timeout,2026-07-04T17:00:00+05:30,0,1,3601.33,558,CS-086C935A61F2
TXN-1063,CUS-562,Manoj Bhat,45665.78,INR,paid,upi,,2026-07-04T15:00:00+05:30,0,8,17988.27,480,CS-9141423C4217
TXN-1064,CUS-563,Vikas Begum,9713.38,INR,paid,credit_card,,2026-07-04T15:00:00+05:30,0,12,30804.13,27,CS-CF767947FD4F
TXN-1065,CUS-564,Ananya Sen,45898.97,INR,paid,wallet,,2026-07-04T22:00:00+05:30,0,1,3658.10,180,CS-396FFFF3C123
TXN-1066,CUS-565,Sachin Kulkarni,29537.23,INR,failed,debit_card,checkout_timeout,2026-07-04T18:00:00+05:30,1,2,7283.45,165,CS-CA2D386F7875
TXN-1067,CUS-566,Divya Dubey,6441.09,INR,pending,netbanking,waiting_for_verification,2026-07-04T19:00:00+05:30,1,1,3221.44,414,CS-C2F8F7841BF2
TXN-1068,CUS-567,Wasim Sharma,7712.97,INR,paid,upi,,2026-07-04T22:00:00+05:30,0,2,8894.99,209,CS-4B27BF7FD9D5
TXN-1069,CUS-568,Suresh Kapoor,35952.90,INR,failed,upi,suspected_fraud,2026-07-05T02:00:00+05:30,3,5,13417.86,566,CS-5E0A229CB4D8
TXN-1070,CUS-569,Neeta Tiwari,1762.11,INR,paid,wallet,,2026-07-05T04:00:00+05:30,0,2,6326.70,280,CS-9D71B351F8F8
TXN-1071,CUS-570,Jaya Fernandes,62186.55,INR,paid,credit_card,,2026-07-05T04:00:00+05:30,0,8,9541.23,425,CS-9FD2180888BC
TXN-1072,CUS-571,Richa Siddiqui,14242.58,INR,paid,debit_card,,2026-07-05T07:00:00+05:30,0,0,1883.17,566,CS-C6E0BFCACD21
TXN-1073,CUS-572,Indra Prajapati,2965.33,INR,paid,debit_card,,2026-07-05T07:00:00+05:30,0,8,15966.97,485,CS-499AB809ED3B
TXN-1074,CUS-573,Bharat Prajapati,1495.53,INR,abandoned,wallet,checkout_timeout,2026-07-05T05:00:00+05:30,0,20,59131.14,451,CS-52F71EB77AA3
TXN-1075,CUS-574,Priya Purohit,157.66,INR,abandoned,wallet,issuer_declined,2026-07-05T12:00:00+05:30,4,1,5113.83,337,CS-77678D0BB605
TXN-1076,CUS-575,Vinod Prajapati,40669.98,INR,abandoned,credit_card,customer_inactive,2026-07-05T11:00:00+05:30,0,3,11089.11,93,CS-C041BC1BDA62
TXN-1077,CUS-576,Lata Rao,8519.45,INR,paid,upi,,2026-07-05T11:00:00+05:30,0,0,1810.71,384,CS-876440E20A76
TXN-1078,CUS-577,Lata Malhotra,1118.08,INR,failed,upi,insufficient_funds,2026-07-05T14:00:00+05:30,3,3,7713.88,598,CS-C3DDF4B13CD6
TXN-1079,CUS-578,Meera Sen,2761.93,INR,paid,upi,,2026-07-05T18:00:00+05:30,0,1,2591.12,354,CS-1E922A2DEC5C
TXN-1080,CUS-579,Alka Begum,7121.54,INR,paid,netbanking,,2026-07-05T14:00:00+05:30,0,8,10295.53,586,CS-4200EDFE0163
TXN-1081,CUS-580,Pallavi Farooqi,64761.54,INR,pending,debit_card,authorization_pending,2026-07-05T14:00:00+05:30,1,5,9362.02,509,CS-F54281193AAD
TXN-1082,CUS-581,Sagar Husain,6150.59,INR,abandoned,upi,insufficient_funds,2026-07-05T18:00:00+05:30,2,5,10030.01,643,CS-53CB00A68739
TXN-1083,CUS-582,Imran Reddy,1161.23,INR,failed,debit_card,issuer_declined,2026-07-05T19:00:00+05:30,0,2,4155.93,553,CS-0FD5D1399FD9
TXN-1084,CUS-583,Madhuri Siddiqui,13854.55,INR,abandoned,credit_card,network_error,2026-07-05T23:00:00+05:30,3,8,32624.86,145,CS-2C4A7B03F4DB
TXN-1085,CUS-584,Harish Chatterjee,20863.25,INR,pending,wallet,waiting_for_verification,2026-07-05T22:00:00+05:30,0,2,6201.91,466,CS-BC04DFB7F521
TXN-1086,CUS-585,Sunita Qureshi,4467.25,INR,pending,upi,bank_processing,2026-07-06T00:00:00+05:30,0,12,37158.26,227,CS-B16F00AF4AF7
TXN-1087,CUS-586,Imran Iyer,7321.34,INR,failed,debit_card,issuer_declined,2026-07-05T23:00:00+05:30,4,1,3763.45,241,CS-55D83580395B
TXN-1088,CUS-587,Harsh Chopra,1056.52,INR,pending,debit_card,waiting_for_verification,2026-07-06T03:00:00+05:30,1,5,16791.67,502,CS-CB5B5AA9F52D
TXN-1089,CUS-588,Chitra Dubey,31993.50,INR,failed,upi,checkout_timeout,2026-07-06T02:00:00+05:30,3,0,2162.25,661,CS-AA92A54AF99E
TXN-1090,CUS-589,Pallavi Nair,784.71,INR,paid,netbanking,,2026-07-06T06:00:00+05:30,0,1,2123.11,342,CS-043E2D0B1DAE
TXN-1091,CUS-590,Deepak Kapoor,13078.08,INR,abandoned,debit_card,customer_inactive,2026-07-06T10:00:00+05:30,3,1,4261.98,611,CS-E422D279DE34
TXN-1092,CUS-591,Aarav Ansari,12170.32,INR,paid,upi,,2026-07-06T07:00:00+05:30,0,8,9030.63,244,CS-8425A4E50B32
TXN-1093,CUS-592,Alka Khanna,206.15,INR,paid,credit_card,,2026-07-06T07:00:00+05:30,0,2,6953.03,112,CS-3A2E4E60AF39
TXN-1094,CUS-593,Nitin Chatterjee,26084.13,INR,abandoned,netbanking,checkout_timeout,2026-07-06T11:00:00+05:30,2,0,2586.22,437,CS-B62D6EAB003D
TXN-1095,CUS-594,Salim Mehta,4729.10,INR,paid,upi,,2026-07-06T14:00:00+05:30,0,0,1933.27,612,CS-22F01588753B
TXN-1096,CUS-595,Gaurav Farooqi,3816.28,INR,paid,debit_card,,2026-07-06T17:00:00+05:30,0,8,15456.20,234,CS-A4B468049D47
TXN-1097,CUS-596,Neeta Srivastava,15980.95,INR,failed,credit_card,card_expired,2026-07-06T14:00:00+05:30,1,0,1493.99,88,CS-880CD6EF41ED
TXN-1098,CUS-597,Ananya Pandit,395.52,INR,abandoned,debit_card,customer_inactive,2026-07-06T18:00:00+05:30,1,5,13653.74,682,CS-9D27DF22F155
TXN-1099,CUS-598,Harish Mishra,20815.91,INR,pending,debit_card,authorization_pending,2026-07-06T15:00:00+05:30,1,1,4092.04,111,CS-879C623AEA41
TXN-1100,CUS-599,Swati Chauhan,211.43,INR,paid,credit_card,,2026-07-06T21:00:00+05:30,0,8,10425.00,674,CS-75F3C119A49C
TXN-1101,CUS-600,Sagar Siddiqui,209.31,INR,failed,wallet,card_expired,2026-07-06T19:00:00+05:30,3,3,6980.22,649,CS-B90F61091099
TXN-1102,CUS-601,Arjun Tiwari,6075.66,INR,paid,credit_card,,2026-07-06T21:00:00+05:30,0,1,4148.81,160,CS-100E1D4C62C4
TXN-1103,CUS-602,Neha Patel,6360.51,INR,failed,credit_card,checkout_timeout,2026-07-06T23:00:00+05:30,0,2,6432.04,291,CS-BDC6C87321C9
TXN-1104,CUS-603,Rubina D'Souza,2925.26,INR,paid,wallet,,2026-07-06T22:00:00+05:30,0,1,4534.14,262,CS-D81DE3CA598B
TXN-1105,CUS-604,Ajay Khanna,298.95,INR,paid,upi,,2026-07-07T04:00:00+05:30,0,2,4877.94,44,CS-7140D42C8A6F
TXN-1106,CUS-605,Lata Gupta,2233.59,INR,paid,credit_card,,2026-07-07T04:00:00+05:30,0,2,4467.16,333,CS-35A652013EF3
TXN-1107,CUS-606,Pooja Purohit,23796.55,INR,paid,netbanking,,2026-07-07T03:00:00+05:30,0,2,4146.54,318,CS-DE4D1F0D5A3A
TXN-1108,CUS-607,Gopal Srivastava,1668.68,INR,paid,debit_card,,2026-07-07T08:00:00+05:30,0,12,27211.69,661,CS-CCD579AC746F
TXN-1109,CUS-608,Pranav Malhotra,719.67,INR,paid,debit_card,,2026-07-07T11:00:00+05:30,0,0,2049.53,578,CS-DF3C29B8D3CD
TXN-1110,CUS-609,Indra Deshpande,9410.24,INR,failed,wallet,card_expired,2026-07-07T11:00:00+05:30,0,2,7511.02,311,CS-29D48A90EA47
TXN-1111,CUS-610,Madhav Ansari,3055.83,INR,paid,credit_card,,2026-07-07T08:00:00+05:30,0,8,12562.62,93,CS-6493AFC5A8B3
TXN-1112,CUS-611,Chitra Sahu,3662.95,INR,abandoned,netbanking,checkout_timeout,2026-07-07T15:00:00+05:30,1,0,2101.91,64,CS-5674EF271ACB
TXN-1113,CUS-612,Nitin Mehta,22560.66,INR,pending,upi,waiting_for_verification,2026-07-07T12:00:00+05:30,0,5,15997.39,625,CS-C29C7091978E
TXN-1114,CUS-613,Neha Thakur,924.34,INR,paid,credit_card,,2026-07-07T16:00:00+05:30,0,3,6349.64,97,CS-3E9D24C964B5
TXN-1115,CUS-614,Monika Sahu,1585.60,INR,failed,wallet,expired_card,2026-07-07T15:00:00+05:30,0,5,12069.85,672,CS-AD294F2327DB
TXN-1116,CUS-615,Anil Bharadwaj,383.53,INR,paid,debit_card,,2026-07-07T20:00:00+05:30,0,8,19631.42,687,CS-5BC65FB81032
TXN-1117,CUS-616,Usha Thakur,223.55,INR,pending,credit_card,authorization_pending,2026-07-07T17:00:00+05:30,0,0,1814.11,104,CS-02F03D38AEEE
TXN-1118,CUS-617,Pankaj Kumar,9381.96,INR,failed,debit_card,insufficient_funds,2026-07-07T19:00:00+05:30,3,5,11313.34,45,CS-B4A0E928E012
TXN-1119,CUS-618,Neeta Thakur,6187.65,INR,paid,upi,,2026-07-08T00:00:00+05:30,0,1,3463.94,481,CS-F1338D3F2304
TXN-1120,CUS-619,Sagar Das,1920.70,INR,pending,credit_card,authorization_pending,2026-07-08T02:00:00+05:30,1,2,6265.00,620,CS-802C36298232
TXN-1121,CUS-620,Riya Khan,292.24,INR,paid,wallet,,2026-07-08T03:00:00+05:30,0,8,13456.53,165,CS-053AEF610F91
TXN-1122,CUS-621,Suresh Deshpande,28683.72,INR,paid,wallet,,2026-07-08T00:00:00+05:30,0,12,12784.44,406,CS-4BEAE6A2C231
TXN-1123,CUS-622,Pankaj Chauhan,1991.79,INR,paid,upi,,2026-07-08T00:00:00+05:30,0,3,4932.40,294,CS-13651EB5DF61
TXN-1124,CUS-623,Sagar  Kamat,5693.96,INR,failed,credit_card,issuer_declined,2026-07-08T02:00:00+05:30,0,1,3699.16,624,CS-2D8292318F60
TXN-1125,CUS-624,Gaurav Mishra,215.24,INR,paid,upi,,2026-07-08T06:00:00+05:30,0,3,4020.97,512,CS-4638A6CA223E
TXN-1126,CUS-625,Anjali Gupta,7875.24,INR,failed,upi,issuer_declined,2026-07-08T07:00:00+05:30,0,2,4585.69,370,CS-D2E9007A08BC
TXN-1127,CUS-626,Shaurya Gupta,1205.20,INR,failed,wallet,insufficient_funds,2026-07-08T06:00:00+05:30,1,0,2426.12,644,CS-A91DDE82340D
TXN-1128,CUS-627,Kavya Sinha,240.92,INR,paid,debit_card,,2026-07-08T13:00:00+05:30,0,2,8589.46,139,CS-04CE4378588E
TXN-1129,CUS-628,Shaurya Purohit,180.64,INR,abandoned,netbanking,card_expired,2026-07-08T11:00:00+05:30,1,20,49814.21,663,CS-CFC4177FF2E5
TXN-1130,CUS-629,Rohit Husain,1671.26,INR,abandoned,credit_card,issuer_declined,2026-07-08T12:00:00+05:30,1,2,9551.63,396,CS-3961B124BDCA
TXN-1131,CUS-630,Richa Naik,3492.57,INR,pending,credit_card,bank_processing,2026-07-08T17:00:00+05:30,1,2,5493.54,329,CS-C9089258FE9C
TXN-1132,CUS-631,Kavya Pandey,943.46,INR,paid,debit_card,,2026-07-08T14:00:00+05:30,0,1,3593.67,362,CS-9E64085D9E12
TXN-1133,CUS-632,Chitra Pandit,1970.04,INR,pending,upi,waiting_for_verification,2026-07-08T17:00:00+05:30,1,8,18645.23,147,CS-453954AA55D7
TXN-1134,CUS-633,Uday Kulkarni,126.89,INR,abandoned,credit_card,bank_downtime,2026-07-08T20:00:00+05:30,0,0,2728.35,381,CS-F6D4FD9921EC
TXN-1135,CUS-634,Vishal Mishra,3588.38,INR,paid,debit_card,,2026-07-08T18:00:00+05:30,0,0,2098.66,397,CS-B6BD302D9453
TXN-1136,CUS-635,Monika Desai,890.43,INR,paid,wallet,,2026-07-08T20:00:00+05:30,0,20,27017.39,76,CS-7D2F9E09AA46
TXN-1137,CUS-636,Nitin Gowda,16676.67,INR,paid,debit_card,,2026-07-09T02:00:00+05:30,0,5,7947.61,298,CS-B6C884C52913
TXN-1138,CUS-637,Mahesh Menon,9636.62,INR,failed,netbanking,checkout_timeout,2026-07-08T21:00:00+05:30,5,8,20242.67,27,CS-091AED273530
TXN-1139,CUS-638,Madhuri Chauhan,4949.04,INR,paid,netbanking,,2026-07-08T23:00:00+05:30,0,20,61088.85,420,CS-896ADA9F5349
TXN-1140,CUS-639,Rajiv Mishra,226.81,INR,paid,credit_card,,2026-07-09T04:00:00+05:30,0,8,17769.74,133,CS-6DE5623DD3F4
TXN-1141,CUS-640,Lata Nair,17771.53,INR,paid,upi,,2026-07-09T06:00:00+05:30,0,12,49211.23,81,CS-D6EB0EF32653
TXN-1142,CUS-641,Rahul Bose,7754.21,INR,paid,credit_card,,2026-07-09T07:00:00+05:30,0,3,5159.26,640,CS-ECE2E40D175B
TXN-1143,CUS-642,Darshan Srivastava,18454.27,INR,abandoned,upi,issuer_declined,2026-07-09T09:00:00+05:30,2,1,4530.66,427,CS-9D08670EEBD3
TXN-1144,CUS-643,Deepa Singh,3881.49,INR,paid,wallet,,2026-07-09T09:00:00+05:30,0,8,19711.65,75,CS-721E80C6977E
TXN-1145,CUS-644,Vikas Nair,1123.43,INR,paid,credit_card,,2026-07-09T08:00:00+05:30,0,5,18072.70,134,CS-D8A8D1002FB3
TXN-1146,CUS-645,Indra Chauhan,2318.55,INR,paid,upi,,2026-07-09T11:00:00+05:30,0,0,2723.54,631,CS-A08C79B4A5C6
TXN-1147,CUS-646,Jaya Dutta,47557.77,INR,abandoned,wallet,transaction_limit_exceeded,2026-07-09T11:00:00+05:30,2,2,8025.24,316,CS-BEFE68A7C8F6
TXN-1148,CUS-647,Ravi Gupta,257.30,INR,paid,upi,,2026-07-09T15:00:00+05:30,0,0,2236.53,670,CS-EF7DFA3E07D5
TXN-1149,CUS-648,Rubina  Kamat,512.27,INR,paid,upi,,2026-07-09T14:00:00+05:30,0,5,9870.22,53,CS-116634D08933
TXN-1150,CUS-649,Shruti Das,932.90,INR,paid,credit_card,,2026-07-09T18:00:00+05:30,0,20,21900.58,100,CS-1FE433A5473A
TXN-1151,CUS-650,Suman Chauhan,15086.28,INR,pending,netbanking,bank_processing,2026-07-09T19:00:00+05:30,1,2,2887.14,342,CS-8B73CC4870E5
TXN-1152,CUS-651,Nandkishor  Kamat,2446.82,INR,abandoned,upi,do_not_honor,2026-07-09T19:00:00+05:30,0,20,47413.31,520,CS-2F069C010490
TXN-1153,CUS-652,Sagar D'Souza,6498.95,INR,abandoned,credit_card,transaction_limit_exceeded,2026-07-09T21:00:00+05:30,1,8,10364.58,272,CS-D191EA2B2D92
TXN-1154,CUS-653,Tariq Sen,7917.62,INR,paid,debit_card,,2026-07-09T23:00:00+05:30,0,2,4032.20,718,CS-D9A2B41C0701
TXN-1155,CUS-654,Aanya Das,225.48,INR,paid,debit_card,,2026-07-10T00:00:00+05:30,0,3,13362.74,64,CS-E510024F7F37
TXN-1156,CUS-655,Bharat Chopra,3682.66,INR,pending,credit_card,authorization_pending,2026-07-10T00:00:00+05:30,4,2,7485.08,363,CS-73565B2004D3
TXN-1157,CUS-656,Rubina Qureshi,5961.32,INR,paid,debit_card,,2026-07-10T01:00:00+05:30,0,20,49718.32,707,CS-B6E7A1A11CE9
TXN-1158,CUS-657,Bharat D'Souza,1023.20,INR,pending,netbanking,authorization_pending,2026-07-10T03:00:00+05:30,0,5,18279.87,405,CS-F27353774A66
TXN-1159,CUS-658,Pranav Chaubey,45115.40,INR,paid,upi,,2026-07-10T07:00:00+05:30,0,12,29599.91,220,CS-E0228726B497
TXN-1160,CUS-659,Amit Siddiqui,42404.28,INR,paid,debit_card,,2026-07-10T08:00:00+05:30,0,0,1715.94,239,CS-EAEE7813163F
TXN-1161,CUS-660,Krishna Rao,4152.07,INR,paid,netbanking,,2026-07-10T05:00:00+05:30,0,20,30451.10,488,CS-31B2CA05830E
TXN-1162,CUS-661,Manish Bose,6436.23,INR,paid,upi,,2026-07-10T12:00:00+05:30,0,3,13355.03,39,CS-CC0816AE7996
TXN-1163,CUS-662,Simran Tripathi,12636.83,INR,pending,wallet,authorization_pending,2026-07-10T14:00:00+05:30,1,12,33920.26,10,CS-47FF9FF0CFBE
TXN-1164,CUS-663,Mahesh Mehta,33376.05,INR,paid,debit_card,,2026-07-10T13:00:00+05:30,0,12,37384.62,198,CS-B8826A998087
TXN-1165,CUS-664,Omkar Joshi,1596.68,INR,failed,debit_card,issuer_declined,2026-07-10T13:00:00+05:30,3,3,5573.14,655,CS-5666439FD237
TXN-1166,CUS-665,Aarti Mishra,2260.21,INR,failed,upi,issuer_declined,2026-07-10T14:00:00+05:30,4,0,1729.73,274,CS-0BEF1BCC15A3
TXN-1167,CUS-666,Divya Begum,3718.63,INR,paid,credit_card,,2026-07-10T14:00:00+05:30,0,0,1623.60,703,CS-55DCD4A34466
TXN-1168,CUS-667,Pankaj Sheikh,8193.56,INR,pending,credit_card,bank_processing,2026-07-10T16:00:00+05:30,4,2,8962.73,621,CS-F4EE4A14CF0D
TXN-1169,CUS-668,Sunita Tripathi,9563.98,INR,failed,netbanking,network_error,2026-07-10T22:00:00+05:30,0,5,8195.78,541,CS-4CB65B334D72
TXN-1170,CUS-669,Bharat Thakur,325.67,INR,paid,credit_card,,2026-07-10T22:00:00+05:30,0,3,5967.63,533,CS-A4094DD777AC
TXN-1171,CUS-670,Vishal Joshi,8584.59,INR,paid,netbanking,,2026-07-10T22:00:00+05:30,0,2,7732.18,578,CS-C9EF64803398
TXN-1172,CUS-671,Ishaan Bhat,6540.85,INR,paid,upi,,2026-07-10T20:00:00+05:30,0,3,4938.09,718,CS-D8EA42A70D8C
TXN-1173,CUS-672,Shaurya Nair,26725.48,INR,pending,upi,authorization_pending,2026-07-10T23:00:00+05:30,2,5,14051.80,392,CS-1AB9EF1A1B69
TXN-1174,CUS-673,Nitin Prajapati,1524.10,INR,failed,credit_card,vpa_invalid,2026-07-11T01:00:00+05:30,0,20,53702.12,229,CS-2143A4BB28A3
TXN-1175,CUS-674,Sagar Sharma,9892.45,INR,paid,debit_card,,2026-07-11T03:00:00+05:30,0,8,16874.31,159,CS-C3EA6A1F95D4
TXN-1176,CUS-675,Prakash Das,43125.60,INR,paid,netbanking,,2026-07-11T05:00:00+05:30,0,12,10741.19,69,CS-07E5D597F9DB
TXN-1177,CUS-676,Priya Kumar,4016.07,INR,abandoned,upi,issuer_declined,2026-07-11T06:00:00+05:30,0,1,2419.03,297,CS-CA47A9D1DCD8
TXN-1178,CUS-677,Vikram Aggarwal,4317.61,INR,abandoned,upi,expired_card,2026-07-11T10:00:00+05:30,1,2,4347.59,606,CS-AFA18D9A125F
TXN-1179,CUS-678,Firoz Gowda,7136.00,INR,paid,wallet,,2026-07-11T11:00:00+05:30,0,8,22370.92,419,CS-8AB9A84B3438
TXN-1180,CUS-679,Tara Begum,1631.62,INR,paid,netbanking,,2026-07-11T09:00:00+05:30,0,0,2680.64,576,CS-9355DAB08992
TXN-1181,CUS-680,Neeta Tripathi,2402.28,INR,paid,upi,,2026-07-11T14:00:00+05:30,0,2,5076.24,196,CS-E717ACC65BD7
TXN-1182,CUS-681,Krishna Siddiqui,1407.45,INR,paid,upi,,2026-07-11T16:00:00+05:30,0,5,10811.41,341,CS-F0FFCBA78FD6
TXN-1183,CUS-682,Mahesh Verma,785.04,INR,failed,debit_card,authentication_failed,2026-07-11T13:00:00+05:30,2,5,18929.11,566,CS-D2BE3AA45A45
TXN-1184,CUS-683,Sneha Husain,1300.48,INR,paid,upi,,2026-07-11T17:00:00+05:30,0,2,9181.96,328,CS-9ACBBF9290F7
TXN-1185,CUS-684,Suresh Chauhan,568.57,INR,abandoned,debit_card,issuer_declined,2026-07-11T18:00:00+05:30,4,3,8640.23,201,CS-D68A29479977
TXN-1186,CUS-685,Divya Sen,1750.04,INR,paid,debit_card,,2026-07-11T21:00:00+05:30,0,5,22031.78,658,CS-81B739090135
TXN-1187,CUS-686,Firoz D'Souza,4198.32,INR,paid,upi,,2026-07-11T21:00:00+05:30,0,12,15446.70,77,CS-F77FD2330F16
TXN-1188,CUS-687,Pranav Patel,7061.96,INR,abandoned,upi,transaction_limit_exceeded,2026-07-11T18:00:00+05:30,0,2,4636.39,683,CS-9E154CFE1A66
TXN-1189,CUS-688,Chitra Fernandes,5078.66,INR,paid,credit_card,,2026-07-11T20:00:00+05:30,0,1,2829.49,715,CS-B97517BF064D
TXN-1190,CUS-689,Rubina Pandit,23646.60,INR,paid,upi,,2026-07-11T22:00:00+05:30,0,3,9528.60,274,CS-904D63542C46
TXN-1191,CUS-690,Madhav Bharadwaj,483.72,INR,paid,upi,,2026-07-12T04:00:00+05:30,0,5,8855.75,666,CS-12F686425FAE
TXN-1192,CUS-691,Indra Kumar,251.71,INR,paid,upi,,2026-07-12T00:00:00+05:30,0,0,2302.87,340,CS-0A6D3EC72358
TXN-1193,CUS-692,Shruti Rao,23787.28,INR,paid,wallet,,2026-07-12T06:00:00+05:30,0,2,5360.71,701,CS-4D5F0F79C0CA
TXN-1194,CUS-693,Prakash Kumar,1775.64,INR,paid,upi,,2026-07-12T04:00:00+05:30,0,5,19112.26,307,CS-287CBECC9693
TXN-1195,CUS-694,Neha Ghosh,4548.33,INR,failed,credit_card,bank_downtime,2026-07-12T09:00:00+05:30,0,20,25654.55,355,CS-3C8826C2CB18
TXN-1196,CUS-695,Krishna Rao,4516.02,INR,paid,netbanking,,2026-07-12T10:00:00+05:30,0,5,7555.37,462,CS-F44E9ED48815
TXN-1197,CUS-696,Ashok Sen,1911.71,INR,paid,debit_card,,2026-07-12T12:00:00+05:30,0,5,15160.30,76,CS-167B0F176377
TXN-1198,CUS-697,Diya Siddiqui,1567.52,INR,failed,debit_card,card_expired,2026-07-12T08:00:00+05:30,0,12,31844.37,277,CS-A19DFF778760
TXN-1199,CUS-698,Kavya Kapoor,272.39,INR,paid,credit_card,,2026-07-12T10:00:00+05:30,0,1,3555.87,333,CS-BD8FD5D12872
TXN-1200,CUS-699,Wasim Sahu,265.52,INR,abandoned,debit_card,customer_inactive,2026-07-12T12:00:00+05:30,1,0,1637.30,276,CS-DD3A643007E9
TXN-1201,CUS-700,Mahesh Siddiqui,2189.80,INR,paid,credit_card,,2026-07-12T15:00:00+05:30,0,1,4589.64,508,CS-530AADA35D7B
TXN-1202,CUS-701,Anjali Bose,2406.47,INR,paid,credit_card,,2026-07-12T20:00:00+05:30,0,8,19348.53,441,CS-01F33F5F6F1E
TXN-1203,CUS-702,Pranav Chopra,1404.82,INR,failed,credit_card,insufficient_funds,2026-07-12T18:00:00+05:30,4,1,6626.84,249,CS-05AA3AA12E63
TXN-1204,CUS-703,Sneha Prajapati,1678.80,INR,paid,wallet,,2026-07-12T18:00:00+05:30,0,3,6466.40,473,CS-5CF3B01BB4EB
TXN-1205,CUS-704,Bharat Banerjee,2873.99,INR,failed,netbanking,authentication_failed,2026-07-12T21:00:00+05:30,2,0,1738.83,675,CS-6253506BDB3E
TXN-1206,CUS-705,Tara Mishra,11109.48,INR,pending,credit_card,authorization_pending,2026-07-12T23:00:00+05:30,1,12,34746.22,369,CS-E4A9240360BA
TXN-1207,CUS-706,Anil Pandey,199.29,INR,failed,upi,vpa_invalid,2026-07-13T01:00:00+05:30,5,5,19522.57,340,CS-2E04483B1CED
TXN-1208,CUS-707,Madhav Pandit,139.44,INR,paid,debit_card,,2026-07-13T02:00:00+05:30,0,3,9498.60,475,CS-27415CF7800C
TXN-1209,CUS-708,Jagdish Bhat,536.84,INR,paid,credit_card,,2026-07-13T00:00:00+05:30,0,12,17517.49,352,CS-9516F41E2643
TXN-1210,CUS-709,Mohan Banerjee,3044.90,INR,paid,debit_card,,2026-07-13T04:00:00+05:30,0,1,2341.41,352,CS-26469BC3F54D
TXN-1211,CUS-710,Imran Mehta,5821.77,INR,pending,upi,bank_processing,2026-07-13T06:00:00+05:30,0,3,8688.52,415,CS-138C93731529
TXN-1212,CUS-711,Farhan Naik,1485.96,INR,paid,debit_card,,2026-07-13T05:00:00+05:30,0,2,4338.89,211,CS-02A3ED53344B
TXN-1213,CUS-712,Prakash Iyer,4398.51,INR,paid,credit_card,,2026-07-13T06:00:00+05:30,0,1,5137.40,655,CS-6A90C5962DB9
TXN-1214,CUS-713,Kiran Sahu,7935.02,INR,paid,netbanking,,2026-07-13T10:00:00+05:30,0,5,16237.81,605,CS-559E97277959
TXN-1215,CUS-714,Diya Chopra,857.86,INR,paid,credit_card,,2026-07-13T09:00:00+05:30,0,2,5211.98,434,CS-3BA9FB0DAEB4
TXN-1216,CUS-715,Kavita D'Souza,8467.16,INR,failed,wallet,customer_inactive,2026-07-13T12:00:00+05:30,0,0,2267.17,368,CS-6A6287F8C915
TXN-1217,CUS-716,Vivaan D'Souza,426.09,INR,pending,credit_card,authorization_pending,2026-07-13T14:00:00+05:30,2,2,7540.56,85,CS-35B1E8FD8307
TXN-1218,CUS-717,Shruti Singh,13307.94,INR,paid,upi,,2026-07-13T14:00:00+05:30,0,2,8305.29,116,CS-A08E3AF39BB7
TXN-1219,CUS-718,Namrata Joshi,1314.66,INR,pending,credit_card,bank_processing,2026-07-13T19:00:00+05:30,2,3,7425.99,670,CS-5957C51FD0B5
TXN-1220,CUS-719,Harish Dutta,1998.97,INR,paid,credit_card,,2026-07-13T21:00:00+05:30,0,8,15213.61,243,CS-79E2B7402086
TXN-1221,CUS-720,Suresh Chaubey,19153.93,INR,paid,debit_card,,2026-07-13T22:00:00+05:30,0,1,3344.42,546,CS-934ED355CC7D
TXN-1222,CUS-721,Prakash Shetty,1556.08,INR,paid,upi,,2026-07-14T00:00:00+05:30,0,12,12941.17,422,CS-DE7E01E5B810
TXN-1223,CUS-722,Ishaan Ansari,11903.32,INR,abandoned,upi,transaction_limit_exceeded,2026-07-14T01:00:00+05:30,0,8,22170.30,592,CS-39B871581B03
TXN-1224,CUS-723,Farhan Siddiqui,6875.86,INR,paid,netbanking,,2026-07-14T02:00:00+05:30,0,2,6973.03,378,CS-5405CC9ECB6A
TXN-1225,CUS-724,Mohan D'Souza,503.71,INR,abandoned,debit_card,authentication_failed,2026-07-14T01:00:00+05:30,2,5,9169.63,408,CS-020572E7B217
TXN-1226,CUS-725,Rajesh Mishra,17420.72,INR,paid,upi,,2026-07-14T03:00:00+05:30,0,3,12970.03,699,CS-CBBE334C4AF6
TXN-1227,CUS-726,Indra Patel,350.47,INR,abandoned,upi,do_not_honor,2026-07-14T01:00:00+05:30,1,0,1683.25,706,CS-DCE68977A33A
TXN-1228,CUS-727,Nisha Begum,1899.09,INR,paid,debit_card,,2026-07-14T04:00:00+05:30,0,5,6909.72,641,CS-911E61238B05
TXN-1229,CUS-728,Ramesh Sen,2273.60,INR,paid,upi,,2026-07-14T03:00:00+05:30,0,1,3265.45,713,CS-2B2522F26229
TXN-1230,CUS-729,Richa Desai,71115.70,INR,paid,upi,,2026-07-14T08:00:00+05:30,0,8,10826.22,307,CS-D97EFE2F07C7
TXN-1231,CUS-730,Riya Prajapati,8765.79,INR,paid,wallet,,2026-07-14T07:00:00+05:30,0,3,6467.77,219,CS-1E20E1A10D04
TXN-1232,CUS-731,Farhan Bhat,40401.90,INR,paid,upi,,2026-07-14T07:00:00+05:30,0,0,1892.15,440,CS-587D72642FFE
TXN-1233,CUS-732,Kiran Chopra,1466.93,INR,paid,debit_card,,2026-07-14T14:00:00+05:30,0,5,8466.12,675,CS-03B464FEDDF7
TXN-1234,CUS-733,Mahesh Banerjee,3528.57,INR,failed,upi,issuer_declined,2026-07-14T16:00:00+05:30,4,2,3928.52,654,CS-FA02ED2EEA4A
TXN-1235,CUS-734,Anjali Mishra,4933.09,INR,pending,wallet,bank_processing,2026-07-14T15:00:00+05:30,3,3,9620.81,177,CS-9BA57C95F767
TXN-1236,CUS-735,Indra  Kamat,44259.18,INR,paid,upi,,2026-07-14T15:00:00+05:30,0,12,32862.19,644,CS-13F3399FB24F
TXN-1237,CUS-736,Chetan Tripathi,3206.83,INR,failed,credit_card,insufficient_funds,2026-07-14T14:00:00+05:30,0,2,7274.95,160,CS-14C39B32BEF2
TXN-1238,CUS-737,Harsh Khanna,1451.44,INR,abandoned,debit_card,issuer_declined,2026-07-14T21:00:00+05:30,1,12,17272.22,89,CS-60D79A4CCC71
TXN-1239,CUS-738,Lata Joshi,3826.50,INR,paid,debit_card,,2026-07-14T22:00:00+05:30,0,0,2382.10,168,CS-77574C77CD6D
TXN-1240,CUS-739,Ravi Chaubey,4348.96,INR,failed,upi,issuer_declined,2026-07-15T00:00:00+05:30,3,5,10434.61,31,CS-99D828D94436
TXN-1241,CUS-740,Divya Mishra,595.81,INR,failed,debit_card,issuer_declined,2026-07-14T23:00:00+05:30,1,0,1914.76,262,CS-9B98D30A3AD7
TXN-1242,CUS-741,Jagdish Mehta,20111.81,INR,paid,debit_card,,2026-07-14T21:00:00+05:30,0,8,12013.73,373,CS-26ECA616C402
TXN-1243,CUS-742,Geeta Bhat,1940.51,INR,paid,netbanking,,2026-07-15T04:00:00+05:30,0,2,5448.92,328,CS-B0649D23D409
TXN-1244,CUS-743,Suresh Mishra,2358.20,INR,failed,upi,insufficient_funds,2026-07-15T04:00:00+05:30,5,12,19687.39,290,CS-CDA4828421B9
TXN-1245,CUS-744,Kamal Sheikh,1329.64,INR,paid,upi,,2026-07-15T05:00:00+05:30,0,5,11236.37,606,CS-1267E5D206CF
TXN-1246,CUS-745,Ravi Bose,7732.80,INR,abandoned,upi,do_not_honor,2026-07-15T03:00:00+05:30,0,1,3877.20,2,CS-C56CB2E03D19
TXN-1247,CUS-746,Indra Prajapati,20908.23,INR,paid,credit_card,,2026-07-15T05:00:00+05:30,0,20,35537.33,96,CS-8A51EE551A1C
TXN-1248,CUS-747,Reyansh Sen,17796.39,INR,failed,credit_card,suspected_fraud,2026-07-15T06:00:00+05:30,1,2,5138.76,582,CS-455EE01E8A12
TXN-1249,CUS-748,Ishaan Pandit,5653.54,INR,paid,netbanking,,2026-07-15T13:00:00+05:30,0,8,17611.36,279,CS-D2393CF36072
TXN-1250,CUS-749,Vikram Mishra,28402.80,INR,abandoned,upi,issuer_declined,2026-07-15T11:00:00+05:30,1,2,7596.90,213,CS-DF48562E84E7
TXN-1251,CUS-750,Nitin Sheikh,4557.45,INR,paid,netbanking,,2026-07-15T12:00:00+05:30,0,5,5804.76,336,CS-6E761217EDB4
TXN-1252,CUS-751,Meera Tiwari,9842.00,INR,paid,upi,,2026-07-15T13:00:00+05:30,0,20,28067.25,464,CS-1B6A69717EDE
TXN-1253,CUS-752,Monika Dutta,140.76,INR,abandoned,upi,issuer_declined,2026-07-15T18:00:00+05:30,5,0,1921.14,646,CS-A4AB0FC9FD98
TXN-1254,CUS-753,Imran Pandey,2776.46,INR,abandoned,upi,issuer_declined,2026-07-15T19:00:00+05:30,1,0,1571.54,473,CS-9493E7823A86
TXN-1255,CUS-754,Krishna Shetty,35828.91,INR,failed,credit_card,bank_downtime,2026-07-15T18:00:00+05:30,0,1,3182.61,457,CS-C12BDF2B3E43
TXN-1256,CUS-755,Tara Kumar,8084.89,INR,failed,credit_card,expired_card,2026-07-15T20:00:00+05:30,0,1,3340.03,659,CS-19B9F2F77B79
TXN-1257,CUS-756,Nandkishor Dutta,9010.84,INR,abandoned,wallet,authentication_failed,2026-07-15T20:00:00+05:30,1,8,26338.33,515,CS-E816662B95B7
TXN-1258,CUS-757,Sneha Sahu,539.09,INR,failed,upi,network_error,2026-07-15T21:00:00+05:30,0,20,58304.46,599,CS-EC2AB4B09AFE
TXN-1259,CUS-758,Vikram Menon,362.75,INR,paid,netbanking,,2026-07-16T02:00:00+05:30,0,20,39663.32,398,CS-F43D56B8A991
TXN-1260,CUS-759,Pallavi Gowda,1388.78,INR,abandoned,debit_card,do_not_honor,2026-07-15T22:00:00+05:30,2,1,3700.50,193,CS-FE24519A362C
TXN-1261,CUS-760,Tushar Dsouza,2526.67,INR,paid,upi,,2026-07-16T04:00:00+05:30,0,2,3359.70,629,CS-85E4A47D03DD
TXN-1262,CUS-761,Amit Kapoor,766.19,INR,abandoned,netbanking,issuer_declined,2026-07-16T02:00:00+05:30,1,12,22035.16,374,CS-FBFA09ABBBAF
TXN-1263,CUS-762,Atharv Chauhan,8310.70,INR,failed,credit_card,card_expired,2026-07-16T03:00:00+05:30,2,2,8762.09,179,CS-931FB026D5E1
TXN-1264,CUS-763,Bharat Yadav,1383.43,INR,paid,credit_card,,2026-07-16T09:00:00+05:30,0,0,2728.30,587,CS-E86E666EBB71
TXN-1265,CUS-764,Suman Kumar,977.33,INR,abandoned,debit_card,vpa_invalid,2026-07-16T05:00:00+05:30,4,0,1733.19,328,CS-912A60DF5539
TXN-1266,CUS-765,Pooja Tiwari,20050.37,INR,failed,credit_card,issuer_declined,2026-07-16T07:00:00+05:30,0,0,2501.83,2,CS-D450E1777C2B
TXN-1267,CUS-766,Krishna Sahu,3258.96,INR,paid,credit_card,,2026-07-16T11:00:00+05:30,0,1,5963.80,592,CS-39EE19D39BD2
TXN-1268,CUS-767,Tariq Chatterjee,610.56,INR,abandoned,upi,card_expired,2026-07-16T09:00:00+05:30,0,0,1625.27,77,CS-3488414B31E3
TXN-1269,CUS-768,Priti Tiwari,1977.91,INR,abandoned,debit_card,bank_downtime,2026-07-16T16:00:00+05:30,0,12,14245.34,340,CS-9A8133A81398
TXN-1270,CUS-769,Suresh Das,3662.34,INR,pending,credit_card,waiting_for_verification,2026-07-16T14:00:00+05:30,0,0,2200.48,503,CS-793765CDF55B
TXN-1271,CUS-770,Tara Patel,1141.41,INR,paid,debit_card,,2026-07-16T17:00:00+05:30,0,0,1639.17,299,CS-098E2964D810
TXN-1272,CUS-771,Diya  Kamat,14625.30,INR,paid,credit_card,,2026-07-16T20:00:00+05:30,0,3,7598.29,391,CS-4B0D0648D715
TXN-1273,CUS-772,Sunita Naik,2789.89,INR,paid,upi,,2026-07-16T18:00:00+05:30,0,0,1519.99,353,CS-215A8D50C406
TXN-1274,CUS-773,Omkar Dubey,79486.32,INR,paid,netbanking,,2026-07-17T00:00:00+05:30,0,20,62619.19,242,CS-71A923A8DAC8
TXN-1275,CUS-774,Sachin Begum,461.11,INR,failed,credit_card,expired_card,2026-07-17T01:00:00+05:30,1,20,23572.97,460,CS-8600781EEF3A
TXN-1276,CUS-775,Simran Shetty,90423.04,INR,paid,credit_card,,2026-07-17T01:00:00+05:30,0,20,38644.66,265,CS-F943F9973CAB
TXN-1277,CUS-776,Kiran Iyer,322.55,INR,paid,netbanking,,2026-07-17T02:00:00+05:30,0,8,31828.03,116,CS-7E7FDA7FBF6C
TXN-1278,CUS-777,Jaya Bhat,335.17,INR,failed,wallet,do_not_honor,2026-07-17T03:00:00+05:30,2,8,34144.77,421,CS-A1E808DB0D64
TXN-1279,CUS-778,Vijay Sahu,7860.12,INR,paid,upi,,2026-07-17T03:00:00+05:30,0,3,6787.92,340,CS-75F9B226A22F
TXN-1280,CUS-779,Vikas Ghosh,290.09,INR,paid,credit_card,,2026-07-17T04:00:00+05:30,0,1,5092.89,713,CS-A6400C04AA8D
TXN-1281,CUS-780,Salim Rao,61397.87,INR,paid,debit_card,,2026-07-17T09:00:00+05:30,0,1,5063.55,92,CS-655696390EE8
TXN-1282,CUS-781,Rohit Kulkarni,1735.95,INR,failed,netbanking,expired_card,2026-07-17T11:00:00+05:30,0,8,9677.14,519,CS-69E6428D3971
TXN-1283,CUS-782,Aarti Chopra,17864.29,INR,paid,upi,,2026-07-17T12:00:00+05:30,0,0,2039.03,370,CS-5B969DF90AA0
TXN-1284,CUS-783,Bharat Bose,1735.26,INR,paid,debit_card,,2026-07-17T07:00:00+05:30,0,1,5358.22,182,CS-D62685027413
TXN-1285,CUS-784,Yash  Kamat,3049.28,INR,paid,netbanking,,2026-07-17T14:00:00+05:30,0,0,1941.19,167,CS-41AF4CCE7E71
TXN-1286,CUS-785,Vinod Mukherjee,19710.70,INR,failed,upi,bank_downtime,2026-07-17T10:00:00+05:30,3,20,19316.57,136,CS-CF49B789BA57
TXN-1287,CUS-786,Imran Gowda,5042.32,INR,paid,netbanking,,2026-07-17T14:00:00+05:30,0,5,11596.19,386,CS-B800D517B635
TXN-1288,CUS-787,Vinod Chaubey,2654.63,INR,paid,credit_card,,2026-07-17T17:00:00+05:30,0,0,2799.20,384,CS-9F9ED407EF41
TXN-1289,CUS-788,Monika Husain,662.16,INR,paid,wallet,,2026-07-17T19:00:00+05:30,0,1,3346.54,530,CS-9CFF2195FC14
TXN-1290,CUS-789,Indra Ghosh,22081.45,INR,abandoned,debit_card,vpa_invalid,2026-07-17T21:00:00+05:30,0,0,2796.46,266,CS-E4263581AA03
TXN-1291,CUS-790,Jaya Shukla,552.98,INR,failed,debit_card,insufficient_funds,2026-07-17T22:00:00+05:30,2,5,21006.11,688,CS-3240C0E52334
TXN-1292,CUS-791,Pallavi Begum,22609.58,INR,abandoned,upi,issuer_declined,2026-07-17T19:00:00+05:30,2,5,13280.94,344,CS-D4699BA6F673
TXN-1293,CUS-792,Tariq Tiwari,834.99,INR,abandoned,credit_card,expired_card,2026-07-17T22:00:00+05:30,0,1,3378.41,650,CS-212F4F01EDD8
TXN-1294,CUS-793,Shikha Mishra,2583.63,INR,paid,debit_card,,2026-07-18T01:00:00+05:30,0,0,1592.31,206,CS-725F4CDF27D3
TXN-1295,CUS-794,Richa Dubey,94642.26,INR,pending,upi,waiting_for_verification,2026-07-18T00:00:00+05:30,2,2,4641.08,60,CS-D94C0ED292B9
TXN-1296,CUS-795,Aarav Deshpande,1641.79,INR,paid,netbanking,,2026-07-18T03:00:00+05:30,0,5,9775.67,649,CS-EB193CCA5EDD
TXN-1297,CUS-796,Usha Shukla,3432.20,INR,paid,credit_card,,2026-07-18T06:00:00+05:30,0,0,2459.59,544,CS-4D404BE3023D
TXN-1298,CUS-797,Rohit Gupta,8133.43,INR,paid,debit_card,,2026-07-18T05:00:00+05:30,0,0,2224.14,172,CS-177A45FD4C76
TXN-1299,CUS-798,Shaurya Reddy,936.24,INR,failed,debit_card,card_expired,2026-07-18T09:00:00+05:30,5,1,4573.74,193,CS-EA2081AD5F95
TXN-1300,CUS-799,Pooja Shukla,189.73,INR,pending,upi,bank_processing,2026-07-18T10:00:00+05:30,1,0,1925.27,656,CS-1053444C1785
TXN-1301,CUS-800,Rahul Patel,2143.88,INR,paid,netbanking,,2026-07-18T07:00:00+05:30,0,2,5280.67,259,CS-CC8F89DD8E49
TXN-1302,CUS-801,Sachin Bhat,1528.61,INR,paid,credit_card,,2026-07-18T08:00:00+05:30,0,1,3338.07,108,CS-5D74E550B2AE
TXN-1303,CUS-802,Arun Desai,1677.14,INR,paid,debit_card,,2026-07-18T16:00:00+05:30,0,2,4992.26,420,CS-2B52DE7C48EA
TXN-1304,CUS-803,Ajay Menon,298.54,INR,paid,wallet,,2026-07-18T13:00:00+05:30,0,0,2669.63,588,CS-B568423AF554
TXN-1305,CUS-804,Parveen Dsouza,136.03,INR,paid,debit_card,,2026-07-18T12:00:00+05:30,0,3,13934.58,304,CS-C0821027DD40
TXN-1306,CUS-805,Vijay Bhat,425.27,INR,abandoned,netbanking,bank_downtime,2026-07-18T19:00:00+05:30,0,5,10295.70,47,CS-8373EBC9525A
TXN-1307,CUS-806,Vivaan Chopra,5852.56,INR,paid,credit_card,,2026-07-18T19:00:00+05:30,0,5,17316.57,188,CS-7099D2368FB2
TXN-1308,CUS-807,Aanya Shukla,3369.62,INR,abandoned,debit_card,checkout_timeout,2026-07-18T20:00:00+05:30,2,8,9595.54,61,CS-C46DBCCE27DA
TXN-1309,CUS-808,Uday Menon,464.49,INR,paid,debit_card,,2026-07-18T21:00:00+05:30,0,1,4814.09,701,CS-8BD0699C0DA8
TXN-1310,CUS-809,Tushar Kapoor,3464.37,INR,abandoned,credit_card,issuer_declined,2026-07-19T00:00:00+05:30,0,5,20718.09,591,CS-A86B69386891
TXN-1311,CUS-810,Darshan Chatterjee,83492.22,INR,paid,credit_card,,2026-07-19T02:00:00+05:30,0,2,5846.51,680,CS-5DDCC0DD414F
TXN-1312,CUS-811,Rubina Sahu,430.58,INR,abandoned,debit_card,issuer_declined,2026-07-18T23:00:00+05:30,1,2,10023.81,77,CS-B0AEFD9F576C
TXN-1313,CUS-812,Harish D'Souza,996.34,INR,paid,credit_card,,2026-07-19T04:00:00+05:30,0,2,4171.62,455,CS-A9FD6C6AA5E7
TXN-1314,CUS-813,Nandkishor Deshpande,299.38,INR,paid,wallet,,2026-07-19T06:00:00+05:30,0,0,1450.16,563,CS-970E5FBE7E2D
TXN-1315,CUS-814,Aarav Tiwari,24447.57,INR,failed,netbanking,customer_inactive,2026-07-19T07:00:00+05:30,2,12,37636.45,229,CS-8F53ACE5D5AF
TXN-1316,CUS-815,Uday Purohit,1651.12,INR,failed,debit_card,bank_downtime,2026-07-19T07:00:00+05:30,0,5,7394.21,364,CS-BCAF9BF37E40
TXN-1317,CUS-816,Sagar Farooqi,3121.67,INR,paid,netbanking,,2026-07-19T08:00:00+05:30,0,5,11142.67,626,CS-99E23137B5A3
TXN-1318,CUS-817,Amit Das,440.88,INR,paid,netbanking,,2026-07-19T07:00:00+05:30,0,0,1465.10,649,CS-F36BC5D43EEB
TXN-1319,CUS-818,Tushar Desai,7252.52,INR,failed,wallet,issuer_declined,2026-07-19T11:00:00+05:30,0,5,19127.37,495,CS-E2BFD4DC185C
TXN-1320,CUS-819,Arun Gowda,5868.25,INR,abandoned,upi,vpa_invalid,2026-07-19T13:00:00+05:30,3,2,6703.19,624,CS-E60E6BECB839
TXN-1321,CUS-820,Vikas Dutta,1945.39,INR,pending,credit_card,bank_processing,2026-07-19T12:00:00+05:30,1,5,14993.35,719,CS-71A5D8225DEB
TXN-1322,CUS-821,Priti Aggarwal,9677.56,INR,failed,upi,vpa_invalid,2026-07-19T14:00:00+05:30,2,12,25125.71,666,CS-5FF5D5D9F65E
TXN-1323,CUS-822,Simran Khanna,8803.88,INR,paid,debit_card,,2026-07-19T18:00:00+05:30,0,5,15239.53,433,CS-65D97A9C4589
TXN-1324,CUS-823,Omkar Verma,2075.82,INR,paid,debit_card,,2026-07-19T16:00:00+05:30,0,8,20956.19,150,CS-7E2AEDD2AA4F
TXN-1325,CUS-824,Tushar Nair,6475.70,INR,failed,upi,network_error,2026-07-19T16:00:00+05:30,2,5,12916.51,575,CS-5F3FB7B3EC67
TXN-1326,CUS-825,Geeta Ghosh,4390.50,INR,failed,debit_card,issuer_declined,2026-07-19T21:00:00+05:30,1,12,37099.20,56,CS-305A0E6FDBAF
TXN-1327,CUS-826,Vivaan Khan,1803.27,INR,abandoned,credit_card,insufficient_funds,2026-07-20T00:00:00+05:30,2,3,8469.38,199,CS-1166A2EEC4F7
TXN-1328,CUS-827,Ajay Deshpande,1523.99,INR,paid,upi,,2026-07-20T00:00:00+05:30,0,0,2179.24,134,CS-370BD06F7F90
TXN-1329,CUS-828,Neha Khan,286.53,INR,pending,upi,authorization_pending,2026-07-20T02:00:00+05:30,0,12,27541.21,587,CS-5D91449E5CF2
TXN-1330,CUS-829,Priti Yadav,383.07,INR,paid,wallet,,2026-07-20T03:00:00+05:30,0,2,7567.57,414,CS-5C862A43124A
TXN-1331,CUS-830,Ananya Chaubey,820.03,INR,paid,credit_card,,2026-07-20T01:00:00+05:30,0,3,14304.86,665,CS-594D9EF2DFA3
TXN-1332,CUS-831,Vivaan Joshi,7228.34,INR,abandoned,debit_card,vpa_invalid,2026-07-20T02:00:00+05:30,2,1,3166.45,554,CS-EE760A6F227E
TXN-1333,CUS-832,Darshan Husain,306.75,INR,abandoned,credit_card,checkout_timeout,2026-07-20T06:00:00+05:30,0,12,19460.35,85,CS-B9D308B39FF5
TXN-1334,CUS-833,Priya Shetty,88665.93,INR,paid,debit_card,,2026-07-20T06:00:00+05:30,0,5,18869.72,211,CS-2BCA9F06540A
TXN-1335,CUS-834,Harsh Pandit,9698.76,INR,failed,upi,checkout_timeout,2026-07-20T08:00:00+05:30,0,0,2511.90,572,CS-3CBA637A8969
TXN-1336,CUS-835,Atharv Sen,35190.82,INR,paid,credit_card,,2026-07-20T09:00:00+05:30,0,5,11934.99,634,CS-ECC92B5D3F86
TXN-1337,CUS-836,Shaurya Reddy,5362.95,INR,pending,upi,waiting_for_verification,2026-07-20T11:00:00+05:30,2,1,4440.42,677,CS-0A36256A99FE
TXN-1338,CUS-837,Arjun  Kamat,829.80,INR,failed,netbanking,network_error,2026-07-20T12:00:00+05:30,4,0,2740.35,12,CS-1FEFD283CEE4
TXN-1339,CUS-838,Priti Malhotra,102.01,INR,failed,credit_card,generic_decline,2026-07-20T14:00:00+05:30,0,5,11060.73,662,CS-E9B4AB655DAC
TXN-1340,CUS-839,Uday Malhotra,831.18,INR,abandoned,upi,insufficient_funds,2026-07-20T19:00:00+05:30,1,0,2302.54,75,CS-48405DF4B66C
TXN-1341,CUS-840,Ajay Iyer,796.13,INR,failed,wallet,bank_downtime,2026-07-20T19:00:00+05:30,2,0,2660.17,326,CS-9F940134F6C9
TXN-1342,CUS-841,Ashok Deshpande,1489.13,INR,failed,upi,customer_inactive,2026-07-20T22:00:00+05:30,0,2,3344.23,227,CS-B7DA6FCA87C9
TXN-1343,CUS-842,Chetan Pandit,1039.23,INR,failed,credit_card,checkout_timeout,2026-07-20T20:00:00+05:30,1,1,2670.76,622,CS-9B572C994BC7
TXN-1344,CUS-843,Diya Ansari,12100.03,INR,paid,upi,,2026-07-20T23:00:00+05:30,0,0,2589.42,647,CS-15F6020F14B7
TXN-1345,CUS-844,Arjun Shukla,6063.80,INR,paid,upi,,2026-07-21T00:00:00+05:30,0,5,13149.36,604,CS-72C339E5CCB9
TXN-1346,CUS-845,Eknath Farooqi,300.45,INR,paid,credit_card,,2026-07-20T21:00:00+05:30,0,8,17013.97,144,CS-4260ACFBDB8B
TXN-1347,CUS-846,Nitin Menon,1923.07,INR,failed,wallet,authentication_failed,2026-07-21T02:00:00+05:30,4,0,1724.45,271,CS-A1D78B04CA42
TXN-1348,CUS-847,Sunita Sen,182.71,INR,abandoned,credit_card,checkout_timeout,2026-07-21T03:00:00+05:30,3,0,1544.52,534,CS-A4320C08B952
TXN-1349,CUS-848,Zoya Ansari,13949.74,INR,paid,upi,,2026-07-21T06:00:00+05:30,0,3,5684.15,386,CS-BEF9C9F77327
TXN-1350,CUS-849,Manoj Shukla,1801.58,INR,paid,credit_card,,2026-07-21T07:00:00+05:30,0,12,27098.47,79,CS-F96603AB0883
TXN-1351,CUS-850,Arun Ansari,780.36,INR,paid,debit_card,,2026-07-21T04:00:00+05:30,0,2,7591.14,494,CS-5BFD60BDBED2
TXN-1352,CUS-851,Rubina Fernandes,3772.37,INR,failed,credit_card,insufficient_funds,2026-07-21T07:00:00+05:30,1,0,1454.87,587,CS-912D683B23FD
TXN-1353,CUS-852,Meera Nair,1883.67,INR,paid,credit_card,,2026-07-21T11:00:00+05:30,0,8,24110.12,222,CS-3166EE828F55
TXN-1354,CUS-853,Nitin  Kamat,12558.50,INR,abandoned,debit_card,authentication_failed,2026-07-21T14:00:00+05:30,2,3,9450.02,703,CS-BDD81E3C04A2
TXN-1355,CUS-854,Richa Purohit,2206.53,INR,paid,upi,,2026-07-21T10:00:00+05:30,0,8,29382.11,154,CS-2B9B4F52CD3B
TXN-1356,CUS-855,Bhavana Rao,1852.41,INR,failed,netbanking,customer_inactive,2026-07-21T17:00:00+05:30,0,2,6212.26,553,CS-F27EB9D173E1
TXN-1357,CUS-856,Rajiv Sharma,21623.06,INR,failed,credit_card,bank_downtime,2026-07-21T12:00:00+05:30,2,2,9455.30,391,CS-02666162B20D
TXN-1358,CUS-857,Swati Rao,2763.55,INR,failed,wallet,issuer_declined,2026-07-21T18:00:00+05:30,3,2,3623.31,8,CS-750584E266A6
TXN-1359,CUS-858,Namrata Desai,3125.09,INR,paid,netbanking,,2026-07-21T18:00:00+05:30,0,0,1765.82,549,CS-8FA5A505AF54
TXN-1360,CUS-859,Usha Thakur,9958.99,INR,paid,upi,,2026-07-21T21:00:00+05:30,0,2,7237.94,496,CS-67256440551E
TXN-1361,CUS-860,Rahul Sheikh,4322.58,INR,paid,upi,,2026-07-22T00:00:00+05:30,0,5,18903.63,166,CS-201E318F2F25
TXN-1362,CUS-861,Priya Mukherjee,4358.24,INR,abandoned,debit_card,transaction_limit_exceeded,2026-07-21T19:00:00+05:30,0,20,23265.54,149,CS-9D39391755A0
TXN-1363,CUS-862,Sachin Pandit,205.24,INR,paid,debit_card,,2026-07-22T02:00:00+05:30,0,20,54644.07,612,CS-99795188EAD5
TXN-1364,CUS-863,Ishaan Gowda,7194.86,INR,paid,debit_card,,2026-07-22T04:00:00+05:30,0,0,2122.14,238,CS-C44B76853228
TXN-1365,CUS-864,Chitra Shetty,6798.70,INR,failed,wallet,issuer_declined,2026-07-22T02:00:00+05:30,2,1,4346.50,206,CS-A141A88CD235
TXN-1366,CUS-865,Jay Verma,5343.09,INR,paid,upi,,2026-07-22T07:00:00+05:30,0,3,11913.82,284,CS-13AAE26BD48F
TXN-1367,CUS-866,Manoj Das,3211.87,INR,paid,upi,,2026-07-22T06:00:00+05:30,0,0,1875.95,120,CS-15453DFDFB40
TXN-1368,CUS-867,Nandkishor Khan,22197.21,INR,paid,debit_card,,2026-07-22T07:00:00+05:30,0,5,17785.49,470,CS-DDBF3972294F
TXN-1369,CUS-868,Salim Purohit,22930.35,INR,paid,upi,,2026-07-22T08:00:00+05:30,0,20,46397.36,423,CS-A9F7818384EE
TXN-1370,CUS-869,Pallavi Verma,6316.75,INR,paid,credit_card,,2026-07-22T11:00:00+05:30,0,0,2067.18,363,CS-13AA97C28A0D
TXN-1371,CUS-870,Rajesh Siddiqui,1619.23,INR,pending,upi,waiting_for_verification,2026-07-22T09:00:00+05:30,0,1,3283.52,208,CS-63B8BD0C5207
TXN-1372,CUS-871,Sagar Dutta,15340.41,INR,abandoned,upi,issuer_declined,2026-07-22T14:00:00+05:30,1,0,2587.21,381,CS-101777A0CF5B
TXN-1373,CUS-872,Deepa Aggarwal,4956.08,INR,abandoned,netbanking,checkout_timeout,2026-07-22T17:00:00+05:30,4,1,4543.96,132,CS-FD5359477215
TXN-1374,CUS-873,Krishna Mishra,3622.30,INR,paid,credit_card,,2026-07-22T17:00:00+05:30,0,2,5451.70,472,CS-0F42EBC5372A
TXN-1375,CUS-874,Kiran Verma,184.30,INR,failed,credit_card,vpa_invalid,2026-07-22T15:00:00+05:30,0,1,4019.86,628,CS-6B6F77557341
TXN-1376,CUS-875,Richa Thakur,1135.91,INR,paid,netbanking,,2026-07-22T17:00:00+05:30,0,1,3889.55,590,CS-2878951C2F9D
TXN-1377,CUS-876,Salim Sen,20812.23,INR,abandoned,debit_card,expired_card,2026-07-22T17:00:00+05:30,0,12,19532.99,10,CS-976BC773F51D
TXN-1378,CUS-877,Simran Tripathi,4986.69,INR,abandoned,credit_card,transaction_limit_exceeded,2026-07-23T00:00:00+05:30,1,1,2931.75,708,CS-E71E28D62E3F
TXN-1379,CUS-878,Neha Nair,881.43,INR,abandoned,upi,authentication_failed,2026-07-22T21:00:00+05:30,1,3,7117.89,422,CS-54D66B18E6DB
TXN-1380,CUS-879,Aadhya Chaubey,24446.75,INR,paid,debit_card,,2026-07-23T01:00:00+05:30,0,20,39176.20,690,CS-EE775075FE04
TXN-1381,CUS-880,Arun D'Souza,7234.65,INR,paid,debit_card,,2026-07-23T01:00:00+05:30,0,0,2296.81,346,CS-9D602AEDAD1B
TXN-1382,CUS-881,Jaya Shukla,11070.16,INR,paid,upi,,2026-07-23T01:00:00+05:30,0,5,12542.77,456,CS-3819DB4FBC2C
TXN-1383,CUS-882,Kamal Thakur,7604.68,INR,paid,upi,,2026-07-23T06:00:00+05:30,0,5,15145.11,718,CS-4B1A4E8180BB
TXN-1384,CUS-883,Gopal Pandey,1095.57,INR,paid,wallet,,2026-07-23T05:00:00+05:30,0,0,2133.58,86,CS-E10AE67050FF
TXN-1385,CUS-884,Kavya Qureshi,5421.56,INR,pending,credit_card,bank_processing,2026-07-23T04:00:00+05:30,2,2,3669.64,175,CS-BF59E7EC2E72
TXN-1386,CUS-885,Arjun Kumar,9301.84,INR,paid,credit_card,,2026-07-23T11:00:00+05:30,0,1,3672.55,715,CS-93F8AFA9F325
TXN-1387,CUS-886,Tanvi Gowda,3369.63,INR,failed,netbanking,checkout_timeout,2026-07-23T11:00:00+05:30,2,1,4378.87,233,CS-5DE4DABB3D68
TXN-1388,CUS-887,Omkar Tiwari,3097.35,INR,paid,credit_card,,2026-07-23T07:00:00+05:30,0,5,8268.92,481,CS-7CEDF070517A
TXN-1389,CUS-888,Harsh Verma,7459.66,INR,failed,upi,authentication_failed,2026-07-23T15:00:00+05:30,0,1,3065.92,194,CS-0F8AFF885874
TXN-1390,CUS-889,Neeta Pandit,744.90,INR,failed,credit_card,bank_downtime,2026-07-23T12:00:00+05:30,0,3,13275.68,628,CS-5699A47A31A4
TXN-1391,CUS-890,Omkar Siddiqui,1614.39,INR,abandoned,credit_card,network_error,2026-07-23T13:00:00+05:30,0,0,2264.82,279,CS-AE2E91B54EC6
TXN-1392,CUS-891,Anil D'Souza,529.09,INR,paid,credit_card,,2026-07-23T14:00:00+05:30,0,1,3976.51,9,CS-1CECEC1A926F
TXN-1393,CUS-892,Vikram Tiwari,1240.37,INR,paid,credit_card,,2026-07-23T20:00:00+05:30,0,1,2727.41,150,CS-743769BF5351
TXN-1394,CUS-893,Ishaan Siddiqui,5356.92,INR,paid,upi,,2026-07-23T22:00:00+05:30,0,2,2907.45,255,CS-1B22FAE55928
TXN-1395,CUS-894,Geeta Kulkarni,1991.80,INR,paid,debit_card,,2026-07-23T17:00:00+05:30,0,20,55153.74,320,CS-519B17BBA1C4
TXN-1396,CUS-895,Sneha Menon,5210.93,INR,pending,credit_card,authorization_pending,2026-07-23T21:00:00+05:30,2,0,2609.12,224,CS-84616D4FBAFE
TXN-1397,CUS-896,Aanya Ghosh,6622.57,INR,paid,upi,,2026-07-23T20:00:00+05:30,0,1,3289.27,708,CS-142BE7FD32FE
TXN-1398,CUS-897,Sachin Bhat,634.22,INR,paid,upi,,2026-07-24T01:00:00+05:30,0,20,16988.20,661,CS-E25DCC765DBB
TXN-1399,CUS-898,Tara Mehta,193.07,INR,pending,netbanking,authorization_pending,2026-07-24T05:00:00+05:30,3,5,7609.23,367,CS-D49F1546FDC5
TXN-1400,CUS-899,Darshan Chopra,559.23,INR,failed,debit_card,customer_inactive,2026-07-24T03:00:00+05:30,0,0,1853.15,480,CS-F898014886A8
TXN-1401,CUS-900,Prakash Menon,162.01,INR,paid,upi,,2026-07-24T03:00:00+05:30,0,5,15792.81,190,CS-52037944246D
TXN-1402,CUS-901,Aditya Thakur,6193.93,INR,failed,debit_card,customer_inactive,2026-07-24T06:00:00+05:30,0,5,10337.16,331,CS-48FEF5521653
TXN-1403,CUS-902,Neeta Khanna,309.28,INR,paid,netbanking,,2026-07-24T05:00:00+05:30,0,0,2079.52,102,CS-CB117B9BDBD7
TXN-1404,CUS-903,Sai Sahu,7629.11,INR,failed,upi,bank_downtime,2026-07-24T10:00:00+05:30,2,0,2318.05,82,CS-A9657A0787B2
TXN-1405,CUS-904,Ganesh Nair,1615.22,INR,abandoned,netbanking,authentication_failed,2026-07-24T07:00:00+05:30,3,1,3600.75,312,CS-ACCBEA58B1B0
TXN-1406,CUS-905,Atharv Mukherjee,27427.98,INR,failed,credit_card,insufficient_funds,2026-07-24T12:00:00+05:30,2,3,7195.55,572,CS-10E1D6513168
TXN-1407,CUS-906,Jaya Mehta,7882.82,INR,failed,debit_card,bank_downtime,2026-07-24T10:00:00+05:30,0,0,2106.57,674,CS-5AB34DCBEE31
TXN-1408,CUS-907,Neha Kulkarni,47562.12,INR,paid,wallet,,2026-07-24T17:00:00+05:30,0,5,18938.14,332,CS-E3F626AEC7B4
TXN-1409,CUS-908,Bhavana Ghosh,2641.78,INR,failed,wallet,insufficient_funds,2026-07-24T15:00:00+05:30,1,2,5388.49,611,CS-93CF7A2A5BCC
TXN-1410,CUS-909,Aditya Chopra,65092.08,INR,paid,upi,,2026-07-24T20:00:00+05:30,0,5,15650.36,524,CS-088B73881FEB
TXN-1411,CUS-910,Monika Bhat,284.15,INR,paid,upi,,2026-07-24T19:00:00+05:30,0,1,3080.26,410,CS-7F2C3F5C1BC4
TXN-1412,CUS-911,Shruti Mukherjee,8617.90,INR,abandoned,upi,network_error,2026-07-24T22:00:00+05:30,2,8,12863.94,308,CS-72256CB21CE6
TXN-1413,CUS-912,Sai Prajapati,122.37,INR,abandoned,credit_card,network_error,2026-07-24T21:00:00+05:30,4,0,2446.75,617,CS-ECE6021C05A0
TXN-1414,CUS-913,Vivaan Prajapati,309.75,INR,paid,debit_card,,2026-07-24T21:00:00+05:30,0,1,3521.66,403,CS-192FCC71F37F
TXN-1415,CUS-914,Nitin Tiwari,934.67,INR,paid,upi,,2026-07-24T21:00:00+05:30,0,5,12527.73,409,CS-866A8015C0F5
TXN-1416,CUS-915,Pankaj Pandit,5651.88,INR,paid,debit_card,,2026-07-25T01:00:00+05:30,0,3,9457.39,74,CS-0ED1F0ADCE45
TXN-1417,CUS-916,Suresh Pandit,1886.21,INR,paid,debit_card,,2026-07-25T03:00:00+05:30,0,0,2231.43,25,CS-DE44DB1B2787
TXN-1418,CUS-917,Jagdish Sheikh,1024.57,INR,abandoned,netbanking,vpa_invalid,2026-07-25T04:00:00+05:30,0,8,17620.77,160,CS-472AC09C73AD
TXN-1419,CUS-918,Harish Pandey,121.82,INR,pending,wallet,authorization_pending,2026-07-25T02:00:00+05:30,0,8,18668.67,24,CS-64BE645DB3C9
TXN-1420,CUS-919,Divya Banerjee,6059.38,INR,paid,netbanking,,2026-07-25T08:00:00+05:30,0,5,10548.43,685,CS-2C37A2FBD7B3
TXN-1421,CUS-920,Aditya Prajapati,3990.59,INR,paid,upi,,2026-07-25T07:00:00+05:30,0,5,8517.88,671,CS-A294FD7238AB
TXN-1422,CUS-921,Vivaan Iyer,906.97,INR,abandoned,debit_card,expired_card,2026-07-25T06:00:00+05:30,0,12,26368.18,390,CS-B207E404CE57
TXN-1423,CUS-922,Arun Rao,37116.55,INR,failed,upi,insufficient_funds,2026-07-25T11:00:00+05:30,1,5,5946.32,543,CS-A62317A7F5CA
TXN-1424,CUS-923,Ramesh Sinha,4233.17,INR,paid,debit_card,,2026-07-25T11:00:00+05:30,0,1,4334.29,64,CS-CB4C8AAB7C42
TXN-1425,CUS-924,Farhan Khan,23356.03,INR,abandoned,upi,customer_inactive,2026-07-25T13:00:00+05:30,0,1,5113.79,90,CS-673C3ED6C04C
TXN-1426,CUS-925,Eknath Prajapati,4033.98,INR,abandoned,debit_card,bank_downtime,2026-07-25T16:00:00+05:30,0,20,45608.25,135,CS-0998B02205CE
TXN-1427,CUS-926,Suresh Chopra,4052.15,INR,paid,upi,,2026-07-25T18:00:00+05:30,0,2,4710.92,149,CS-99A5F43449AD
TXN-1428,CUS-927,Tariq Menon,1336.01,INR,pending,upi,authorization_pending,2026-07-25T21:00:00+05:30,3,5,16484.06,424,CS-275F655AE29F
TXN-1429,CUS-928,Neeta Begum,4801.31,INR,abandoned,wallet,card_expired,2026-07-25T22:00:00+05:30,0,0,2467.43,627,CS-084CA21413A6
TXN-1430,CUS-929,Chitra Siddiqui,8061.81,INR,failed,upi,issuer_declined,2026-07-25T18:00:00+05:30,2,2,9968.78,481,CS-221493C751AB
TXN-1431,CUS-930,Chetan Chauhan,1081.19,INR,paid,upi,,2026-07-25T20:00:00+05:30,0,5,8497.91,423,CS-40780DE46CBB
TXN-1432,CUS-931,Manoj Bose,5330.68,INR,pending,wallet,waiting_for_verification,2026-07-25T23:00:00+05:30,2,8,16468.28,43,CS-396CBAD95142
TXN-1433,CUS-932,Bhavana Prajapati,6970.75,INR,pending,debit_card,waiting_for_verification,2026-07-26T02:00:00+05:30,2,5,7222.32,463,CS-22C036F0BAB5
TXN-1434,CUS-933,Mohan Reddy,13685.82,INR,paid,wallet,,2026-07-25T23:00:00+05:30,0,2,3333.25,451,CS-58B400FB0250
TXN-1435,CUS-934,Suman Begum,6429.57,INR,paid,upi,,2026-07-26T00:00:00+05:30,0,12,44033.09,463,CS-A138EAB1183F
TXN-1436,CUS-935,Ananya Joshi,1378.17,INR,abandoned,credit_card,bank_downtime,2026-07-26T04:00:00+05:30,1,0,2635.57,93,CS-D891278B4718
TXN-1437,CUS-936,Rahul Khanna,9535.81,INR,abandoned,debit_card,issuer_declined,2026-07-26T03:00:00+05:30,2,3,5810.16,394,CS-296C1360F1BB
TXN-1438,CUS-937,Eknath Menon,1070.91,INR,failed,wallet,customer_inactive,2026-07-26T10:00:00+05:30,3,0,1650.41,53,CS-FA6206C406E9
TXN-1439,CUS-938,Jaya Sheikh,1652.95,INR,paid,debit_card,,2026-07-26T06:00:00+05:30,0,20,20762.28,260,CS-B84310778CBD
TXN-1440,CUS-939,Vivaan Purohit,3495.93,INR,abandoned,debit_card,checkout_timeout,2026-07-26T08:00:00+05:30,1,2,7022.80,616,CS-459DCB5ACD7B
TXN-1441,CUS-940,Anjali Sharma,1321.01,INR,failed,debit_card,network_error,2026-07-26T09:00:00+05:30,0,0,1451.41,34,CS-BCC1AC47418A
TXN-1442,CUS-941,Parveen Begum,631.55,INR,paid,wallet,,2026-07-26T11:00:00+05:30,0,3,9053.99,593,CS-B49CCBE3D05A
TXN-1443,CUS-942,Madhuri Kumar,219.72,INR,paid,credit_card,,2026-07-26T12:00:00+05:30,0,8,9520.42,138,CS-CFC9ADAFCA9F
TXN-1444,CUS-943,Aadhya Ansari,1120.64,INR,paid,upi,,2026-07-26T13:00:00+05:30,0,5,23411.08,496,CS-EA3138EF81BB
TXN-1445,CUS-944,Darshan Husain,4543.39,INR,paid,debit_card,,2026-07-26T18:00:00+05:30,0,0,2127.59,648,CS-65ED7CF42751
TXN-1446,CUS-945,Ravi Dsouza,23254.96,INR,paid,upi,,2026-07-26T17:00:00+05:30,0,0,2432.46,213,CS-CAD90A48AFD5
TXN-1447,CUS-946,Nandkishor Tripathi,3001.38,INR,paid,debit_card,,2026-07-26T17:00:00+05:30,0,5,14047.66,316,CS-A5B364916D4B
TXN-1448,CUS-947,Mahesh Khanna,5569.18,INR,paid,credit_card,,2026-07-26T22:00:00+05:30,0,0,1671.62,347,CS-E23FEDC337B5
TXN-1449,CUS-948,Rubina Fernandes,44931.36,INR,failed,credit_card,vpa_invalid,2026-07-27T02:00:00+05:30,1,1,6065.79,58,CS-65517AC99FC7
TXN-1450,CUS-949,Sagar Begum,4034.59,INR,paid,upi,,2026-07-27T01:00:00+05:30,0,8,14915.04,153,CS-BEDC1C15AE68
TXN-1451,CUS-950,Prakash Singh,1062.86,INR,paid,upi,,2026-07-27T03:00:00+05:30,0,3,9771.52,323,CS-49F5A1A3C88C
TXN-1452,CUS-951,Bharat Kumar,630.20,INR,abandoned,credit_card,network_error,2026-07-27T02:00:00+05:30,0,1,3135.00,39,CS-4390B99F7C3C
TXN-1453,CUS-952,Kamal Bose,36094.35,INR,paid,credit_card,,2026-07-27T05:00:00+05:30,0,1,5796.75,537,CS-09AF50E2A0AF
TXN-1454,CUS-953,Ramesh Khanna,448.72,INR,abandoned,wallet,transaction_limit_exceeded,2026-07-27T04:00:00+05:30,0,0,2399.15,535,CS-0CAF9D535A22
TXN-1455,CUS-954,Aanya Sharma,566.04,INR,abandoned,netbanking,card_expired,2026-07-27T04:00:00+05:30,0,5,8871.55,320,CS-C11CB5F76649
TXN-1456,CUS-955,Zoya Banerjee,788.82,INR,paid,credit_card,,2026-07-27T09:00:00+05:30,0,1,3071.38,16,CS-514490CF96E5
TXN-1457,CUS-956,Deepa Mehta,1025.48,INR,paid,upi,,2026-07-27T12:00:00+05:30,0,3,4876.40,628,CS-1BA31E5587BC
TXN-1458,CUS-957,Richa Kulkarni,111.60,INR,abandoned,upi,bank_downtime,2026-07-27T08:00:00+05:30,1,0,2262.84,320,CS-49178A74C56D
TXN-1459,CUS-958,Divya Bose,8354.35,INR,paid,wallet,,2026-07-27T16:00:00+05:30,0,3,7030.24,716,CS-0858F53B1E14
TXN-1460,CUS-959,Ganesh Rao,4053.43,INR,failed,credit_card,insufficient_funds,2026-07-27T12:00:00+05:30,0,12,32500.28,402,CS-5AF7AAB08C19
TXN-1461,CUS-960,Kavita Sinha,23236.06,INR,paid,upi,,2026-07-27T15:00:00+05:30,0,2,4486.11,357,CS-DA7E50B66C38
TXN-1462,CUS-961,Bhavana Kapoor,3217.06,INR,failed,upi,customer_inactive,2026-07-27T14:00:00+05:30,3,3,10380.00,245,CS-A5A873899B63
TXN-1463,CUS-962,Deepa Dutta,4921.68,INR,paid,credit_card,,2026-07-27T21:00:00+05:30,0,2,7861.44,351,CS-CAFF19ADDEF3
TXN-1464,CUS-963,Tanvi Ghosh,1504.41,INR,failed,debit_card,network_error,2026-07-27T17:00:00+05:30,1,2,5609.28,181,CS-A2E1B5E089C4
TXN-1465,CUS-964,Ramesh Shukla,143.50,INR,abandoned,netbanking,bank_downtime,2026-07-27T21:00:00+05:30,2,0,2543.85,595,CS-7199141E41AB
TXN-1466,CUS-965,Harish Sharma,8304.41,INR,paid,upi,,2026-07-27T23:00:00+05:30,0,0,1819.63,696,CS-30A3DB9B66AF
TXN-1467,CUS-966,Mahesh Pandit,9575.59,INR,pending,debit_card,waiting_for_verification,2026-07-28T01:00:00+05:30,1,0,1487.37,563,CS-2F66260FFCC8
TXN-1468,CUS-967,Krishna Sharma,9103.77,INR,paid,netbanking,,2026-07-28T04:00:00+05:30,0,2,7767.87,392,CS-74D48B549E7C
TXN-1469,CUS-968,Aarti Prajapati,2633.65,INR,paid,upi,,2026-07-28T04:00:00+05:30,0,12,25933.15,687,CS-8A6DF69B0A8B
TXN-1470,CUS-969,Nisha Chopra,359.36,INR,paid,netbanking,,2026-07-28T06:00:00+05:30,0,20,19837.67,426,CS-3560DD200E1F
TXN-1471,CUS-970,Wasim Purohit,20430.86,INR,pending,debit_card,authorization_pending,2026-07-28T06:00:00+05:30,1,8,19923.02,191,CS-5C6A1C0A33D3
TXN-1472,CUS-971,Usha Sharma,4540.41,INR,paid,credit_card,,2026-07-28T07:00:00+05:30,0,3,6662.10,582,CS-F982D98747B8
TXN-1473,CUS-972,Manish Chauhan,292.61,INR,failed,upi,authentication_failed,2026-07-28T11:00:00+05:30,5,5,16480.14,536,CS-6A8627775AE9
TXN-1474,CUS-973,Chitra Tiwari,1445.99,INR,failed,debit_card,transaction_limit_exceeded,2026-07-28T10:00:00+05:30,3,1,4018.85,548,CS-CF6C82269809
TXN-1475,CUS-974,Kamal Verma,3537.99,INR,paid,debit_card,,2026-07-28T11:00:00+05:30,0,20,38011.02,37,CS-B5E7F7012F4C
TXN-1476,CUS-975,Vikas Begum,7818.53,INR,paid,credit_card,,2026-07-28T10:00:00+05:30,0,5,15163.07,640,CS-D5456C005E62
TXN-1477,CUS-976,Arjun Husain,2380.46,INR,paid,netbanking,,2026-07-28T13:00:00+05:30,0,1,2734.70,115,CS-327F9DB65CCC
TXN-1478,CUS-977,Bhavana Gowda,43474.18,INR,failed,credit_card,insufficient_funds,2026-07-28T18:00:00+05:30,2,2,10323.01,352,CS-122A9DF6AD86
TXN-1479,CUS-978,Diya Malhotra,4465.17,INR,abandoned,netbanking,bank_downtime,2026-07-28T16:00:00+05:30,0,2,4212.57,354,CS-BEE317F037BF
TXN-1480,CUS-979,Krishna Qureshi,5579.97,INR,paid,credit_card,,2026-07-28T17:00:00+05:30,0,12,32618.50,700,CS-8E1703F8C810
TXN-1481,CUS-980,Bharat Sahu,2435.45,INR,abandoned,upi,do_not_honor,2026-07-28T19:00:00+05:30,1,1,5855.90,43,CS-6C13EA4C3400
TXN-1482,CUS-981,Priya Yadav,35794.65,INR,pending,netbanking,authorization_pending,2026-07-28T20:00:00+05:30,0,0,2045.55,692,CS-C327F88ACCC9
TXN-1483,CUS-982,Gopal Ghosh,7943.62,INR,paid,credit_card,,2026-07-29T00:00:00+05:30,0,1,3329.04,70,CS-97D4A8AB70AD
TXN-1484,CUS-983,Vivaan Dubey,141.56,INR,paid,upi,,2026-07-28T22:00:00+05:30,0,0,1479.63,609,CS-F8E915FD2AD3
TXN-1485,CUS-984,Nasreen Mukherjee,40952.07,INR,failed,upi,expired_card,2026-07-28T23:00:00+05:30,1,5,12980.03,713,CS-D740C71960B8
TXN-1486,CUS-985,Kavita Khan,1490.72,INR,paid,credit_card,,2026-07-29T01:00:00+05:30,0,5,11107.31,76,CS-94C9A943426B
TXN-1487,CUS-986,Prakash Nair,998.98,INR,paid,wallet,,2026-07-29T02:00:00+05:30,0,0,2254.42,183,CS-2CC7EE9C780D
TXN-1488,CUS-987,Imran D'Souza,316.25,INR,paid,debit_card,,2026-07-29T02:00:00+05:30,0,5,5878.53,73,CS-8BE0756E5673
TXN-1489,CUS-988,Namrata Khan,5093.82,INR,paid,debit_card,,2026-07-29T03:00:00+05:30,0,5,9234.16,338,CS-7782D1C56CF7
TXN-1490,CUS-989,Suman Sharma,4819.73,INR,paid,credit_card,,2026-07-29T11:00:00+05:30,0,8,11531.25,4,CS-FBD76979558E
TXN-1491,CUS-990,Geeta Fernandes,314.12,INR,pending,credit_card,authorization_pending,2026-07-29T09:00:00+05:30,0,20,24295.13,349,CS-AD8E8DA2D241
TXN-1492,CUS-991,Diya Purohit,6449.79,INR,paid,debit_card,,2026-07-29T10:00:00+05:30,0,1,5837.12,646,CS-FF2785BA9A30
TXN-1493,CUS-992,Vikas Yadav,4655.64,INR,paid,upi,,2026-07-29T09:00:00+05:30,0,5,11342.00,65,CS-4A76519D46C8
TXN-1494,CUS-993,Madhav Sheikh,4894.86,INR,abandoned,wallet,issuer_declined,2026-07-29T12:00:00+05:30,0,8,9641.78,217,CS-A78E4EA45F62
TXN-1495,CUS-994,Omkar Purohit,46755.00,INR,paid,debit_card,,2026-07-29T13:00:00+05:30,0,0,2084.45,20,CS-1BA0021C7A11
TXN-1496,CUS-995,Sachin Reddy,1473.18,INR,paid,debit_card,,2026-07-29T15:00:00+05:30,0,0,2569.49,66,CS-5E66272E4602
TXN-1497,CUS-996,Pranav Mehta,337.99,INR,failed,upi,insufficient_funds,2026-07-29T16:00:00+05:30,3,20,47201.03,701,CS-5B2DAE109523
TXN-1498,CUS-997,Namrata Chopra,1947.04,INR,paid,upi,,2026-07-29T17:00:00+05:30,0,0,2460.57,173,CS-E148BF8BDB9A
TXN-1499,CUS-998,Anil Chauhan,3315.98,INR,pending,upi,bank_processing,2026-07-29T23:00:00+05:30,3,3,4505.95,499,CS-6B5611A73CB0
TXN-1500,CUS-999,Diya Sharma,470.45,INR,failed,debit_card,card_expired,2026-07-29T23:00:00+05:30,3,5,7256.86,656,CS-85DE5A6C149F
TXN-1501,CUS-1000,Suresh Deshpande,4814.27,INR,failed,upi,insufficient_funds,2026-07-29T23:00:00+05:30,2,0,1886.99,5,CS-D860011508A6
TXN-1502,CUS-1001,Monika Ghosh,1979.91,INR,pending,debit_card,waiting_for_verification,2026-07-30T01:00:00+05:30,0,5,9167.30,199,CS-9709CA10B87B
TXN-1503,CUS-1002,Aanya Bhat,9842.87,INR,paid,upi,,2026-07-30T04:00:00+05:30,0,0,1799.09,446,CS-1257A771F739
TXN-1504,CUS-1003,Rahul Sinha,9450.40,INR,paid,upi,,2026-07-30T00:00:00+05:30,0,0,2079.09,119,CS-981F067FB9CB
TXN-1505,CUS-1004,Atharv Ghosh,7963.53,INR,paid,upi,,2026-07-30T06:00:00+05:30,0,1,3017.88,101,CS-BB0A0140BE67
TXN-1506,CUS-1005,Sanjay Dubey,15632.99,INR,paid,credit_card,,2026-07-30T06:00:00+05:30,0,2,7246.93,466,CS-E599678F1FDA
TXN-1507,CUS-1006,Simran Sahu,1186.61,INR,paid,credit_card,,2026-07-30T06:00:00+05:30,0,0,1792.85,114,CS-22E0ACB8231F
TXN-1508,CUS-1007,Vinod Bhat,2513.60,INR,paid,netbanking,,2026-07-30T10:00:00+05:30,0,8,15430.24,567,CS-1260D506E6B9
TXN-1509,CUS-1008,Vinod Sen,442.79,INR,paid,wallet,,2026-07-30T11:00:00+05:30,0,2,4502.54,253,CS-346124B529F3
TXN-1510,CUS-1009,Deepak Khanna,2667.22,INR,pending,wallet,waiting_for_verification,2026-07-30T08:00:00+05:30,1,0,2426.87,517,CS-3DB74240044F
TXN-1511,CUS-1010,Sai Mishra,3437.81,INR,abandoned,netbanking,checkout_timeout,2026-07-30T11:00:00+05:30,0,5,19552.96,136,CS-D464BFBB74B4
TXN-1512,CUS-1011,Pallavi Farooqi,1998.43,INR,paid,debit_card,,2026-07-30T12:00:00+05:30,0,8,12717.08,475,CS-834537273B2A
TXN-1513,CUS-1012,Jagdish Chopra,16080.41,INR,abandoned,credit_card,checkout_timeout,2026-07-30T17:00:00+05:30,0,3,12098.29,341,CS-957B8BC5E243
TXN-1514,CUS-1013,Gaurav Kumar,1629.33,INR,failed,debit_card,customer_inactive,2026-07-30T15:00:00+05:30,3,0,2430.07,57,CS-76E3EE17C1AF
TXN-1515,CUS-1014,Arun Thakur,11664.50,INR,paid,debit_card,,2026-07-30T17:00:00+05:30,0,3,5705.20,210,CS-D134E267852C
TXN-1516,CUS-1015,Riya Sinha,670.34,INR,paid,wallet,,2026-07-30T21:00:00+05:30,0,5,9811.71,274,CS-AF21F3A644E3
TXN-1517,CUS-1016,Pankaj Mishra,595.05,INR,paid,credit_card,,2026-07-30T22:00:00+05:30,0,2,9346.83,546,CS-AECA25EE5342
TXN-1518,CUS-1017,Ajay Deshpande,8999.52,INR,pending,netbanking,bank_processing,2026-07-30T20:00:00+05:30,3,2,4143.12,184,CS-324A7F9F5306
TXN-1519,CUS-1018,Sunil Mishra,210.38,INR,failed,credit_card,expired_card,2026-07-31T01:00:00+05:30,4,0,2757.40,555,CS-71B721C62878
TXN-1520,CUS-1019,Nisha  Kamat,1165.79,INR,failed,upi,issuer_declined,2026-07-31T04:00:00+05:30,3,8,29269.90,422,CS-4F716DD0B5B8
